,Date,Close
3443,2024-03-05,180.74
3442,2024-03-04,188.14
3441,2024-03-01,202.64
3440,2024-02-29,201.88
3439,2024-02-28,202.04
3438,2024-02-27,199.73
3437,2024-02-26,199.4
3436,2024-02-23,191.97
3435,2024-02-22,197.41
3434,2024-02-21,194.77
3433,2024-02-20,193.76
3432,2024-02-16,199.95
3431,2024-02-15,200.45
3430,2024-02-14,188.71
3429,2024-02-13,184.02
3428,2024-02-12,188.13
3427,2024-02-09,193.57
3426,2024-02-08,189.56
3425,2024-02-07,187.58
3424,2024-02-06,185.1
3423,2024-02-05,181.06
3422,2024-02-02,187.91
3421,2024-02-01,188.86
3420,2024-01-31,187.29
3419,2024-01-30,191.59
3418,2024-01-29,190.93
3417,2024-01-26,183.25
3416,2024-01-25,182.63
3415,2024-01-24,207.83
3414,2024-01-23,209.14
3413,2024-01-22,208.8
3412,2024-01-19,212.19
3411,2024-01-18,211.88
3410,2024-01-17,215.55
3409,2024-01-16,219.91
3408,2024-01-12,218.89
3407,2024-01-11,227.22
3406,2024-01-10,233.94
3405,2024-01-09,234.96
3404,2024-01-08,240.45
3403,2024-01-05,237.49
3402,2024-01-04,237.93
3401,2024-01-03,238.45
3400,2024-01-02,248.42
3399,2023-12-29,248.48
3398,2023-12-28,253.18
3397,2023-12-27,261.44
3396,2023-12-26,256.61
3395,2023-12-22,252.54
3394,2023-12-21,254.5
3393,2023-12-20,247.14
3392,2023-12-19,257.22
3391,2023-12-18,252.08
3390,2023-12-15,253.5
3389,2023-12-14,251.05
3388,2023-12-13,239.29
3387,2023-12-12,237.01
3386,2023-12-11,239.74
3385,2023-12-08,243.84
3384,2023-12-07,242.64
3383,2023-12-06,239.37
3382,2023-12-05,238.72
3381,2023-12-04,235.58
3380,2023-12-01,238.83
3379,2023-11-30,240.08
3378,2023-11-29,244.14
3377,2023-11-28,246.72
3376,2023-11-27,236.08
3375,2023-11-24,235.45
3374,2023-11-22,234.21
3373,2023-11-21,241.2
3372,2023-11-20,235.6
3371,2023-11-17,234.3
3370,2023-11-16,233.59
3369,2023-11-15,242.84
3368,2023-11-14,237.41
3367,2023-11-13,223.71
3366,2023-11-10,214.65
3365,2023-11-09,209.98
3364,2023-11-08,222.11
3363,2023-11-07,222.18
3362,2023-11-06,219.27
3361,2023-11-03,219.96
3360,2023-11-02,218.51
3359,2023-11-01,205.66
3358,2023-10-31,200.84
3357,2023-10-30,197.36
3356,2023-10-27,207.3
3355,2023-10-26,205.76
3354,2023-10-25,212.42
3353,2023-10-24,216.52
3352,2023-10-23,212.08
3351,2023-10-20,211.99
3350,2023-10-19,220.11
3349,2023-10-18,242.68
3348,2023-10-17,254.85
3347,2023-10-16,253.92
3346,2023-10-13,251.12
3345,2023-10-12,258.87
3344,2023-10-11,262.99
3343,2023-10-10,263.62
3342,2023-10-09,259.67
3341,2023-10-06,260.53
3340,2023-10-05,260.05
3339,2023-10-04,261.16
3338,2023-10-03,246.53
3337,2023-10-02,251.6
3336,2023-09-29,250.22
3335,2023-09-28,246.38
3334,2023-09-27,240.5
3333,2023-09-26,244.12
3332,2023-09-25,246.99
3331,2023-09-22,244.88
3330,2023-09-21,255.7
3329,2023-09-20,262.59
3328,2023-09-19,266.5
3327,2023-09-18,265.28
3326,2023-09-15,274.39
3325,2023-09-14,276.04
3324,2023-09-13,271.3
3323,2023-09-12,267.48
3322,2023-09-11,273.58
3321,2023-09-08,248.5
3320,2023-09-07,251.49
3319,2023-09-06,251.92
3318,2023-09-05,256.49
3317,2023-09-01,245.01
3316,2023-08-31,258.08
3315,2023-08-30,256.9
3314,2023-08-29,257.18
3313,2023-08-28,238.82
3312,2023-08-25,238.59
3311,2023-08-24,230.04
3310,2023-08-23,236.86
3309,2023-08-22,233.19
3308,2023-08-21,231.28
3307,2023-08-18,215.49
3306,2023-08-17,219.22
3305,2023-08-16,225.6
3304,2023-08-15,232.96
3303,2023-08-14,239.76
3302,2023-08-11,242.65
3301,2023-08-10,245.34
3300,2023-08-09,242.19
3299,2023-08-08,249.7
3298,2023-08-07,251.45
3297,2023-08-04,253.86
3296,2023-08-03,259.32
3295,2023-08-02,254.11
3294,2023-08-01,261.07
3293,2023-07-31,267.43
3292,2023-07-28,266.44
3291,2023-07-27,255.71
3290,2023-07-26,264.35
3289,2023-07-25,265.28
3288,2023-07-24,269.06
3287,2023-07-21,260.02
3286,2023-07-20,262.9
3285,2023-07-19,291.26
3284,2023-07-18,293.34
3283,2023-07-17,290.38
3282,2023-07-14,281.38
3281,2023-07-13,277.9
3280,2023-07-12,271.99
3279,2023-07-11,269.79
3278,2023-07-10,269.61
3277,2023-07-07,274.43
3276,2023-07-06,276.54
3275,2023-07-05,282.48
3274,2023-07-03,279.82
3273,2023-06-30,261.77
3272,2023-06-29,257.5
3271,2023-06-28,256.24
3270,2023-06-27,250.21
3269,2023-06-26,241.05
3268,2023-06-23,256.6
3267,2023-06-22,264.61
3266,2023-06-21,259.46
3265,2023-06-20,274.45
3264,2023-06-16,260.54
3263,2023-06-15,255.9
3262,2023-06-14,256.79
3261,2023-06-13,258.71
3260,2023-06-12,249.83
3259,2023-06-09,244.4
3258,2023-06-08,234.86
3257,2023-06-07,224.57
3256,2023-06-06,221.31
3255,2023-06-05,217.61
3254,2023-06-02,213.97
3253,2023-06-01,207.52
3252,2023-05-31,203.93
3251,2023-05-30,201.16
3250,2023-05-26,193.17
3249,2023-05-25,184.47
3248,2023-05-24,182.9
3247,2023-05-23,185.77
3246,2023-05-22,188.87
3245,2023-05-19,180.14
3244,2023-05-18,176.89
3243,2023-05-17,173.86
3242,2023-05-16,166.52
3241,2023-05-15,166.35
3240,2023-05-12,167.98
3239,2023-05-11,172.08
3238,2023-05-10,168.54
3237,2023-05-09,169.15
3236,2023-05-08,171.79
3235,2023-05-05,170.06
3234,2023-05-04,161.2
3233,2023-05-03,160.61
3232,2023-05-02,160.31
3231,2023-05-01,161.83
3230,2023-04-28,164.31
3229,2023-04-27,160.19
3228,2023-04-26,153.75
3227,2023-04-25,160.67
3226,2023-04-24,162.55
3225,2023-04-21,165.08
3224,2023-04-20,162.99
3223,2023-04-19,180.59
3222,2023-04-18,184.31
3221,2023-04-17,187.04
3220,2023-04-14,185.0
3219,2023-04-13,185.9
3218,2023-04-12,180.54
3217,2023-04-11,186.79
3216,2023-04-10,184.51
3215,2023-04-06,185.06
3214,2023-04-05,185.52
3213,2023-04-04,192.58
3212,2023-04-03,194.77
3211,2023-03-31,207.46
3210,2023-03-30,195.28
3209,2023-03-29,193.88
3208,2023-03-28,189.19
3207,2023-03-27,191.81
3206,2023-03-24,190.41
3205,2023-03-23,192.22
3204,2023-03-22,191.15
3203,2023-03-21,197.58
3202,2023-03-20,183.25
3201,2023-03-17,180.13
3200,2023-03-16,184.13
3199,2023-03-15,180.45
3198,2023-03-14,183.26
3197,2023-03-13,174.48
3196,2023-03-10,173.44
3195,2023-03-09,172.92
3194,2023-03-08,182.0
3193,2023-03-07,187.71
3192,2023-03-06,193.81
3191,2023-03-03,197.79
3190,2023-03-02,190.9
3189,2023-03-01,202.77
3188,2023-02-28,205.71
3187,2023-02-27,207.63
3186,2023-02-24,196.88
3185,2023-02-23,202.07
3184,2023-02-22,200.86
3183,2023-02-21,197.37
3182,2023-02-17,208.31
3181,2023-02-16,202.04
3180,2023-02-15,214.24
3179,2023-02-14,209.25
3178,2023-02-13,194.64
3177,2023-02-10,196.89
3176,2023-02-09,207.32
3175,2023-02-08,201.29
3174,2023-02-07,196.81
3173,2023-02-06,194.76
3172,2023-02-03,189.98
3171,2023-02-02,188.27
3170,2023-02-01,181.41
3169,2023-01-31,173.22
3168,2023-01-30,166.66
3167,2023-01-27,177.9
3166,2023-01-26,160.27
3165,2023-01-25,144.43
3164,2023-01-24,143.89
3163,2023-01-23,143.75
3162,2023-01-20,133.42
3161,2023-01-19,127.17
3160,2023-01-18,128.78
3159,2023-01-17,131.49
3158,2023-01-13,122.4
3157,2023-01-12,123.56
3156,2023-01-11,123.22
3155,2023-01-10,118.85
3154,2023-01-09,119.77
3153,2023-01-06,113.06
3152,2023-01-05,110.34
3151,2023-01-04,113.64
3150,2023-01-03,108.1
3149,2022-12-30,123.18
3148,2022-12-29,121.82
3147,2022-12-28,112.71
3146,2022-12-27,109.1
3145,2022-12-23,123.15
3144,2022-12-22,125.35
3143,2022-12-21,137.57
3142,2022-12-20,137.8
3141,2022-12-19,149.87
3140,2022-12-16,150.23
3139,2022-12-15,157.67
3138,2022-12-14,156.8
3137,2022-12-13,160.95
3136,2022-12-12,167.82
3135,2022-12-09,179.05
3134,2022-12-08,173.44
3133,2022-12-07,174.04
3132,2022-12-06,179.82
3131,2022-12-05,182.45
3130,2022-12-02,194.86
3129,2022-12-01,194.7
3128,2022-11-30,194.7
3127,2022-11-29,180.83
3126,2022-11-28,182.92
3125,2022-11-25,182.86
3124,2022-11-23,183.2
3123,2022-11-22,169.91
3122,2022-11-21,167.87
3121,2022-11-18,180.19
3120,2022-11-17,183.17
3119,2022-11-16,186.92
3118,2022-11-15,194.42
3117,2022-11-14,190.95
3116,2022-11-11,195.97
3115,2022-11-10,190.72
3114,2022-11-09,177.59
3113,2022-11-08,191.3
3112,2022-11-07,197.08
3111,2022-11-04,207.47
3110,2022-11-03,215.31
3109,2022-11-02,214.98
3108,2022-11-01,227.82
3107,2022-10-31,227.54
3106,2022-10-28,228.52
3105,2022-10-27,225.09
3104,2022-10-26,224.64
3103,2022-10-25,222.415
3102,2022-10-24,211.25
3101,2022-10-21,214.44
3100,2022-10-20,207.28
3099,2022-10-19,222.04
3098,2022-10-18,220.19
3097,2022-10-17,219.35
3096,2022-10-14,204.99
3095,2022-10-13,221.72
3094,2022-10-12,217.24
3093,2022-10-11,216.5
3092,2022-10-10,222.96
3091,2022-10-07,223.07
3090,2022-10-06,238.13
3089,2022-10-05,240.81
3088,2022-10-04,249.44
3087,2022-10-03,242.4
3086,2022-09-30,265.25
3085,2022-09-29,268.21
3084,2022-09-28,287.81
3083,2022-09-27,282.94
3082,2022-09-26,276.01
3081,2022-09-23,275.33
3080,2022-09-22,288.59
3079,2022-09-21,300.8
3078,2022-09-20,308.73
3077,2022-09-19,309.07
3076,2022-09-16,303.35
3075,2022-09-15,303.75
3074,2022-09-14,302.61
3073,2022-09-13,292.13
3072,2022-09-12,304.42
3071,2022-09-09,299.68
3070,2022-09-08,289.26
3069,2022-09-07,283.7
3068,2022-09-06,274.42
3067,2022-09-02,270.21
3066,2022-09-01,277.16
3065,2022-08-31,275.61
3064,2022-08-30,277.7
3063,2022-08-29,284.82
3062,2022-08-26,288.09
3061,2022-08-25,296.07
3060,2022-08-24,891.29
3059,2022-08-23,889.36
3058,2022-08-22,869.74
3057,2022-08-19,890.0
3056,2022-08-18,908.61
3055,2022-08-17,911.99
3054,2022-08-16,919.69
3053,2022-08-15,927.96
3052,2022-08-12,900.09
3051,2022-08-11,859.89
3050,2022-08-10,883.07
3049,2022-08-09,850.0
3048,2022-08-08,871.27
3047,2022-08-05,864.51
3046,2022-08-04,925.9
3045,2022-08-03,922.19
3044,2022-08-02,901.76
3043,2022-08-01,891.83
3042,2022-07-29,891.45
3041,2022-07-28,842.7
3040,2022-07-27,824.46
3039,2022-07-26,776.58
3038,2022-07-25,805.3
3037,2022-07-22,816.73
3036,2022-07-21,815.12
3035,2022-07-20,742.5
3034,2022-07-19,736.59
3033,2022-07-18,721.64
3032,2022-07-15,720.2
3031,2022-07-14,714.94
3030,2022-07-13,711.12
3029,2022-07-12,699.21
3028,2022-07-11,703.03
3027,2022-07-08,752.29
3026,2022-07-07,733.63
3025,2022-07-06,695.2
3024,2022-07-05,699.2
3023,2022-07-01,681.79
3022,2022-06-30,673.42
3021,2022-06-29,685.47
3020,2022-06-28,697.99
3019,2022-06-27,734.76
3018,2022-06-24,737.12
3017,2022-06-23,705.21
3016,2022-06-22,708.26
3015,2022-06-21,711.11
3014,2022-06-17,650.28
3013,2022-06-16,639.3
3012,2022-06-15,699.0
3011,2022-06-14,662.67
3010,2022-06-13,647.21
3009,2022-06-10,696.69
3008,2022-06-09,719.12
3007,2022-06-08,725.6
3006,2022-06-07,716.66
3005,2022-06-06,714.84
3004,2022-06-03,703.55
3003,2022-06-02,775.0
3002,2022-06-01,740.37
3001,2022-05-31,758.26
3000,2022-05-27,759.63
2999,2022-05-26,707.73
2998,2022-05-25,658.8
2997,2022-05-24,628.16
2996,2022-05-23,674.9
2995,2022-05-20,663.9
2994,2022-05-19,709.42
2993,2022-05-18,709.81
2992,2022-05-17,761.61
2991,2022-05-16,724.37
2990,2022-05-13,769.59
2989,2022-05-12,728.0
2988,2022-05-11,734.0
2987,2022-05-10,800.04
2986,2022-05-09,787.11
2985,2022-05-06,865.65
2984,2022-05-05,873.28
2983,2022-05-04,952.62
2982,2022-05-03,909.25
2981,2022-05-02,902.94
2980,2022-04-29,870.76
2979,2022-04-28,877.51
2978,2022-04-27,881.51
2977,2022-04-26,876.42
2976,2022-04-25,998.02
2975,2022-04-22,1005.05
2974,2022-04-21,1008.78
2973,2022-04-20,977.2
2972,2022-04-19,1028.15
2971,2022-04-18,1004.29
2970,2022-04-14,985.0
2969,2022-04-13,1022.37
2968,2022-04-12,986.95
2967,2022-04-11,975.93
2966,2022-04-08,1025.49
2965,2022-04-07,1057.26
2964,2022-04-06,1045.76
2963,2022-04-05,1091.26
2962,2022-04-04,1145.45
2961,2022-04-01,1084.59
2960,2022-03-31,1077.6
2959,2022-03-30,1093.99
2958,2022-03-29,1099.57
2957,2022-03-28,1091.84
2956,2022-03-25,1010.64
2955,2022-03-24,1013.92
2954,2022-03-23,999.11
2953,2022-03-22,993.98
2952,2022-03-21,921.16
2951,2022-03-18,905.39
2950,2022-03-17,871.6
2949,2022-03-16,840.23
2948,2022-03-15,801.89
2947,2022-03-14,766.37
2946,2022-03-11,795.35
2945,2022-03-10,838.3
2944,2022-03-09,858.97
2943,2022-03-08,824.4
2942,2022-03-07,804.58
2941,2022-03-04,838.29
2940,2022-03-03,839.29
2939,2022-03-02,879.89
2938,2022-03-01,864.37
2937,2022-02-28,870.43
2936,2022-02-25,809.87
2935,2022-02-24,800.77
2934,2022-02-23,764.04
2933,2022-02-22,821.53
2932,2022-02-18,856.98
2931,2022-02-17,876.35
2930,2022-02-16,923.39
2929,2022-02-15,922.43
2928,2022-02-14,875.76
2927,2022-02-11,860.0
2926,2022-02-10,904.55
2925,2022-02-09,932.0
2924,2022-02-08,922.0
2923,2022-02-07,907.34
2922,2022-02-04,923.32
2921,2022-02-03,891.14
2920,2022-02-02,905.66
2919,2022-02-01,931.25
2918,2022-01-31,936.72
2917,2022-01-28,846.35
2916,2022-01-27,829.1
2915,2022-01-26,937.41
2914,2022-01-25,918.4
2913,2022-01-24,930.0
2912,2022-01-21,943.9
2911,2022-01-20,996.27
2910,2022-01-19,995.65
2909,2022-01-18,1030.51
2908,2022-01-14,1049.61
2907,2022-01-13,1031.56
2906,2022-01-12,1106.22
2905,2022-01-11,1064.4
2904,2022-01-10,1058.12
2903,2022-01-07,1026.96
2902,2022-01-06,1064.7
2901,2022-01-05,1088.12
2900,2022-01-04,1149.59
2899,2022-01-03,1199.78
2898,2021-12-31,1056.78
2897,2021-12-30,1070.34
2896,2021-12-29,1086.19
2895,2021-12-28,1088.47
2894,2021-12-27,1093.94
2893,2021-12-23,1067.0
2892,2021-12-22,1008.87
2891,2021-12-21,938.53
2890,2021-12-20,899.94
2889,2021-12-17,932.57
2888,2021-12-16,926.92
2887,2021-12-15,975.99
2886,2021-12-14,958.51
2885,2021-12-13,966.41
2884,2021-12-10,1017.03
2883,2021-12-09,1003.8
2882,2021-12-08,1068.96
2881,2021-12-07,1051.75
2880,2021-12-06,1009.01
2879,2021-12-03,1014.97
2878,2021-12-02,1084.6
2877,2021-12-01,1095.0
2876,2021-11-30,1144.76
2875,2021-11-29,1136.99
2874,2021-11-26,1081.92
2873,2021-11-24,1116.0
2872,2021-11-23,1109.03
2871,2021-11-22,1156.87
2870,2021-11-19,1137.06
2869,2021-11-18,1096.38
2868,2021-11-17,1089.01
2867,2021-11-16,1054.73
2866,2021-11-15,1013.39
2865,2021-11-12,1033.42
2864,2021-11-11,1063.51
2863,2021-11-10,1067.95
2862,2021-11-09,1023.5
2861,2021-11-08,1162.94
2860,2021-11-05,1222.09
2859,2021-11-04,1229.91
2858,2021-11-03,1213.86
2857,2021-11-02,1172.0
2856,2021-11-01,1208.59
2855,2021-10-29,1114.0
2854,2021-10-28,1077.04
2853,2021-10-27,1037.86
2852,2021-10-26,1018.43
2851,2021-10-25,1024.86
2850,2021-10-22,909.68
2849,2021-10-21,894.0
2848,2021-10-20,865.8
2847,2021-10-19,864.27
2846,2021-10-18,870.11
2845,2021-10-15,843.03
2844,2021-10-14,818.32
2843,2021-10-13,811.08
2842,2021-10-12,805.72
2841,2021-10-11,791.94
2840,2021-10-08,785.49
2839,2021-10-07,793.61
2838,2021-10-06,782.75
2837,2021-10-05,780.59
2836,2021-10-04,781.53
2835,2021-10-01,775.22
2834,2021-09-30,775.48
2833,2021-09-29,781.31
2832,2021-09-28,777.56
2831,2021-09-27,791.36
2830,2021-09-24,774.39
2829,2021-09-23,753.64
2828,2021-09-22,751.94
2827,2021-09-21,739.38
2826,2021-09-20,730.17
2825,2021-09-17,759.49
2824,2021-09-16,756.99
2823,2021-09-15,755.83
2822,2021-09-14,744.49
2821,2021-09-13,743.0
2820,2021-09-10,736.27
2819,2021-09-09,754.86
2818,2021-09-08,753.87
2817,2021-09-07,752.92
2816,2021-09-03,733.57
2815,2021-09-02,732.39
2814,2021-09-01,734.09
2813,2021-08-31,735.72
2812,2021-08-30,730.91
2811,2021-08-27,711.92
2810,2021-08-26,701.16
2809,2021-08-25,711.2
2808,2021-08-24,708.49
2807,2021-08-23,706.3
2806,2021-08-20,680.26
2805,2021-08-19,673.47
2804,2021-08-18,688.99
2803,2021-08-17,665.71
2802,2021-08-16,686.17
2801,2021-08-13,717.17
2800,2021-08-12,722.25
2799,2021-08-11,707.82
2798,2021-08-10,709.99
2797,2021-08-09,713.76
2796,2021-08-06,699.1
2795,2021-08-05,714.63
2794,2021-08-04,710.92
2793,2021-08-03,709.74
2792,2021-08-02,709.67
2791,2021-07-30,687.2
2790,2021-07-29,677.35
2789,2021-07-28,646.98
2788,2021-07-27,644.78
2787,2021-07-26,657.62
2786,2021-07-23,643.38
2785,2021-07-22,649.26
2784,2021-07-21,655.29
2783,2021-07-20,660.5
2782,2021-07-19,646.22
2781,2021-07-16,644.22
2780,2021-07-15,650.6
2779,2021-07-14,653.38
2778,2021-07-13,668.54
2777,2021-07-12,685.7
2776,2021-07-09,656.95
2775,2021-07-08,652.81
2774,2021-07-07,644.65
2773,2021-07-06,659.58
2772,2021-07-02,678.9
2771,2021-07-01,677.92
2770,2021-06-30,679.7
2769,2021-06-29,680.76
2768,2021-06-28,688.72
2767,2021-06-25,671.87
2766,2021-06-24,679.82
2765,2021-06-23,656.57
2764,2021-06-22,623.71
2763,2021-06-21,620.83
2762,2021-06-18,623.31
2761,2021-06-17,616.6
2760,2021-06-16,604.87
2759,2021-06-15,599.36
2758,2021-06-14,617.69
2757,2021-06-11,609.89
2756,2021-06-10,610.12
2755,2021-06-09,598.78
2754,2021-06-08,603.59
2753,2021-06-07,605.13
2752,2021-06-04,599.05
2751,2021-06-03,572.84
2750,2021-06-02,605.12
2749,2021-06-01,623.9
2748,2021-05-28,625.22
2747,2021-05-27,630.85
2746,2021-05-26,619.13
2745,2021-05-25,604.69
2744,2021-05-24,606.44
2743,2021-05-21,580.88
2742,2021-05-20,586.78
2741,2021-05-19,563.46
2740,2021-05-18,577.87
2739,2021-05-17,576.83
2738,2021-05-14,589.74
2737,2021-05-13,571.69
2736,2021-05-12,589.89
2735,2021-05-11,617.2
2734,2021-05-10,629.04
2733,2021-05-07,672.37
2732,2021-05-06,663.54
2731,2021-05-05,670.94
2730,2021-05-04,673.6
2729,2021-05-03,684.9
2728,2021-04-30,709.44
2727,2021-04-29,677.0
2726,2021-04-28,694.4
2725,2021-04-27,704.74
2724,2021-04-26,738.2
2723,2021-04-23,729.4
2722,2021-04-22,719.69
2721,2021-04-21,744.12
2720,2021-04-20,718.99
2719,2021-04-19,714.63
2718,2021-04-16,739.78
2717,2021-04-15,738.85
2716,2021-04-14,732.23
2715,2021-04-13,762.32
2714,2021-04-12,701.98
2713,2021-04-09,677.02
2712,2021-04-08,683.8
2711,2021-04-07,670.97
2710,2021-04-06,691.62
2709,2021-04-05,691.05
2708,2021-04-01,661.75
2707,2021-03-31,667.93
2706,2021-03-30,635.62
2705,2021-03-29,611.29
2704,2021-03-26,618.71
2703,2021-03-25,640.39
2702,2021-03-24,630.27
2701,2021-03-23,662.16
2700,2021-03-22,670.0
2699,2021-03-19,654.87
2698,2021-03-18,653.16
2697,2021-03-17,701.81
2696,2021-03-16,676.88
2695,2021-03-15,707.94
2694,2021-03-12,693.73
2693,2021-03-11,699.6
2692,2021-03-10,668.06
2691,2021-03-09,673.58
2690,2021-03-08,563.0
2689,2021-03-05,597.95
2688,2021-03-04,621.44
2687,2021-03-03,653.2
2686,2021-03-02,686.44
2685,2021-03-01,718.43
2684,2021-02-26,675.5
2683,2021-02-25,682.22
2682,2021-02-24,742.02
2681,2021-02-23,698.84
2680,2021-02-22,714.5
2679,2021-02-19,781.3
2678,2021-02-18,787.38
2677,2021-02-17,798.15
2676,2021-02-16,796.22
2675,2021-02-12,816.12
2674,2021-02-11,811.66
2673,2021-02-10,804.82
2672,2021-02-09,849.46
2671,2021-02-08,863.42
2670,2021-02-05,852.23
2669,2021-02-04,849.99
2668,2021-02-03,854.69
2667,2021-02-02,872.79
2666,2021-02-01,839.81
2665,2021-01-29,793.53
2664,2021-01-28,835.43
2663,2021-01-27,864.16
2662,2021-01-26,883.09
2661,2021-01-25,880.8
2660,2021-01-22,846.64
2659,2021-01-21,844.99
2658,2021-01-20,850.45
2657,2021-01-19,844.55
2656,2021-01-15,826.16
2655,2021-01-14,845.0
2654,2021-01-13,854.41
2653,2021-01-12,849.44
2652,2021-01-11,811.19
2651,2021-01-08,880.02
2650,2021-01-07,816.04
2649,2021-01-06,755.98
2648,2021-01-05,735.11
2647,2021-01-04,729.77
2646,2020-12-31,705.67
2645,2020-12-30,694.78
2644,2020-12-29,665.99
2643,2020-12-28,663.69
2642,2020-12-24,661.77
2641,2020-12-23,645.98
2640,2020-12-22,640.34
2639,2020-12-21,649.86
2638,2020-12-18,695.0
2637,2020-12-17,655.9
2636,2020-12-16,622.77
2635,2020-12-15,633.25
2634,2020-12-14,639.83
2633,2020-12-11,609.99
2632,2020-12-10,627.07
2631,2020-12-09,604.48
2630,2020-12-08,649.88
2629,2020-12-07,641.76
2628,2020-12-04,599.04
2627,2020-12-03,593.38
2626,2020-12-02,568.82
2625,2020-12-01,584.76
2624,2020-11-30,567.6
2623,2020-11-27,585.76
2622,2020-11-25,574.0
2621,2020-11-24,555.38
2620,2020-11-23,521.85
2619,2020-11-20,489.61
2618,2020-11-19,499.27
2617,2020-11-18,486.64
2616,2020-11-17,441.61
2615,2020-11-16,408.09
2614,2020-11-13,408.5
2613,2020-11-12,411.76
2612,2020-11-11,417.13
2611,2020-11-10,410.36
2610,2020-11-09,421.26
2609,2020-11-06,429.95
2608,2020-11-05,438.09
2607,2020-11-04,420.98
2606,2020-11-03,423.9
2605,2020-11-02,400.51
2604,2020-10-30,388.04
2603,2020-10-29,410.83
2602,2020-10-28,406.02
2601,2020-10-27,424.68
2600,2020-10-26,420.28
2599,2020-10-23,420.63
2598,2020-10-22,425.79
2597,2020-10-21,422.64
2596,2020-10-20,421.94
2595,2020-10-19,430.83
2594,2020-10-16,439.67
2593,2020-10-15,448.88
2592,2020-10-14,461.3
2591,2020-10-13,446.65
2590,2020-10-12,442.3
2589,2020-10-09,434.0
2588,2020-10-08,425.92
2587,2020-10-07,425.3
2586,2020-10-06,413.98
2585,2020-10-05,425.68
2584,2020-10-02,415.09
2583,2020-10-01,448.16
2582,2020-09-30,429.01
2581,2020-09-29,419.07
2580,2020-09-28,421.2
2579,2020-09-25,407.34
2578,2020-09-24,387.79
2577,2020-09-23,380.36
2576,2020-09-22,424.23
2575,2020-09-21,449.39
2574,2020-09-18,442.15
2573,2020-09-17,423.43
2572,2020-09-16,441.76
2571,2020-09-15,449.76
2570,2020-09-14,419.62
2569,2020-09-11,372.72
2568,2020-09-10,371.34
2567,2020-09-09,366.28
2566,2020-09-08,330.21
2565,2020-09-04,418.32
2564,2020-09-03,407.0
2563,2020-09-02,447.37
2562,2020-09-01,475.05
2561,2020-08-31,498.32
2560,2020-08-28,2213.4
2559,2020-08-27,2238.75
2558,2020-08-26,2153.17
2557,2020-08-25,2023.34
2556,2020-08-24,2014.2
2555,2020-08-21,2049.98
2554,2020-08-20,2001.83
2553,2020-08-19,1878.53
2552,2020-08-18,1887.09
2551,2020-08-17,1835.64
2550,2020-08-14,1650.71
2549,2020-08-13,1621.0
2548,2020-08-12,1554.76
2547,2020-08-11,1374.39
2546,2020-08-10,1418.57
2545,2020-08-07,1452.71
2544,2020-08-06,1489.58
2543,2020-08-05,1485.02
2542,2020-08-04,1487.0
2541,2020-08-03,1485.0
2540,2020-07-31,1430.76
2539,2020-07-30,1487.49
2538,2020-07-29,1499.11
2537,2020-07-28,1476.49
2536,2020-07-27,1539.6
2535,2020-07-24,1417.0
2534,2020-07-23,1513.07
2533,2020-07-22,1592.33
2532,2020-07-21,1568.36
2531,2020-07-20,1643.0
2530,2020-07-17,1500.84
2529,2020-07-16,1500.64
2528,2020-07-15,1546.01
2527,2020-07-14,1516.8
2526,2020-07-13,1497.06
2525,2020-07-10,1544.65
2524,2020-07-09,1394.28
2523,2020-07-08,1365.88
2522,2020-07-07,1389.86
2521,2020-07-06,1371.58
2520,2020-07-02,1208.66
2519,2020-07-01,1119.63
2518,2020-06-30,1079.81
2517,2020-06-29,1009.35
2516,2020-06-26,959.74
2515,2020-06-25,985.98
2514,2020-06-24,960.85
2513,2020-06-23,1001.78
2512,2020-06-22,994.32
2511,2020-06-19,1000.9
2510,2020-06-18,1003.96
2509,2020-06-17,991.79
2508,2020-06-16,982.13
2507,2020-06-15,990.9
2506,2020-06-12,935.28
2505,2020-06-11,972.84
2504,2020-06-10,1025.05
2503,2020-06-09,940.67
2502,2020-06-08,949.92
2501,2020-06-05,885.66
2500,2020-06-04,864.38
2499,2020-06-03,882.96
2498,2020-06-02,881.56
2497,2020-06-01,898.1
2496,2020-05-29,835.0
2495,2020-05-28,805.81
2494,2020-05-27,820.23
2493,2020-05-26,818.87
2492,2020-05-22,816.88
2491,2020-05-21,827.6
2490,2020-05-20,815.56
2489,2020-05-19,808.01
2488,2020-05-18,813.63
2487,2020-05-15,799.17
2486,2020-05-14,803.33
2485,2020-05-13,790.96
2484,2020-05-12,809.41
2483,2020-05-11,811.29
2482,2020-05-08,819.42
2481,2020-05-07,780.04
2480,2020-05-06,782.58
2479,2020-05-05,768.21
2478,2020-05-04,761.19
2477,2020-05-01,701.32
2476,2020-04-30,781.88
2475,2020-04-29,800.51
2474,2020-04-28,769.12
2473,2020-04-27,798.75
2472,2020-04-24,725.15
2471,2020-04-23,705.63
2470,2020-04-22,732.11
2469,2020-04-21,686.72
2468,2020-04-20,746.36
2467,2020-04-17,753.89
2466,2020-04-16,745.21
2465,2020-04-15,729.83
2464,2020-04-14,709.89
2463,2020-04-13,650.95
2462,2020-04-09,573.0
2461,2020-04-08,548.84
2460,2020-04-07,545.45
2459,2020-04-06,516.24
2458,2020-04-03,480.01
2457,2020-04-02,454.47
2456,2020-04-01,481.56
2455,2020-03-31,524.0
2454,2020-03-30,502.13
2453,2020-03-27,514.36
2452,2020-03-26,528.16
2451,2020-03-25,539.25
2450,2020-03-24,505.0
2449,2020-03-23,434.29
2448,2020-03-20,427.53
2447,2020-03-19,427.64
2446,2020-03-18,361.22
2445,2020-03-17,430.2
2444,2020-03-16,445.07
2443,2020-03-13,546.62
2442,2020-03-12,560.55
2441,2020-03-11,634.23
2440,2020-03-10,645.33
2439,2020-03-09,608.0
2438,2020-03-06,703.48
2437,2020-03-05,724.54
2436,2020-03-04,749.5
2435,2020-03-03,745.51
2434,2020-03-02,743.62
2433,2020-02-28,667.99
2432,2020-02-27,679.0
2431,2020-02-26,778.8
2430,2020-02-25,799.91
2429,2020-02-24,833.79
2428,2020-02-21,901.0
2427,2020-02-20,899.41
2426,2020-02-19,917.42
2425,2020-02-18,858.4
2424,2020-02-14,800.03
2423,2020-02-13,804.0
2422,2020-02-12,767.29
2421,2020-02-11,774.38
2420,2020-02-10,771.28
2419,2020-02-07,748.07
2418,2020-02-06,748.96
2417,2020-02-05,734.7
2416,2020-02-04,887.06
2415,2020-02-03,780.0
2414,2020-01-31,650.57
2413,2020-01-30,640.81
2412,2020-01-29,580.99
2411,2020-01-28,566.9
2410,2020-01-27,558.02
2409,2020-01-24,564.82
2408,2020-01-23,572.2
2407,2020-01-22,569.56
2406,2020-01-21,547.2
2405,2020-01-17,510.5
2404,2020-01-16,513.49
2403,2020-01-15,518.5
2402,2020-01-14,537.92
2401,2020-01-13,524.86
2400,2020-01-10,478.15
2399,2020-01-09,481.34
2398,2020-01-08,492.14
2397,2020-01-07,469.06
2396,2020-01-06,451.54
2395,2020-01-03,443.01
2394,2020-01-02,430.26
2393,2019-12-31,418.33
2392,2019-12-30,414.7
2391,2019-12-27,430.38
2390,2019-12-26,430.94
2389,2019-12-24,425.25
2388,2019-12-23,419.22
2387,2019-12-20,405.59
2386,2019-12-19,404.04
2385,2019-12-18,393.15
2384,2019-12-17,378.99
2383,2019-12-16,381.5
2382,2019-12-13,358.39
2381,2019-12-12,359.68
2380,2019-12-11,352.7
2379,2019-12-10,348.84
2378,2019-12-09,339.53
2377,2019-12-06,335.89
2376,2019-12-05,330.37
2375,2019-12-04,333.03
2374,2019-12-03,336.2
2373,2019-12-02,334.87
2372,2019-11-29,329.94
2371,2019-11-27,331.29
2370,2019-11-26,328.92
2369,2019-11-25,336.34
2368,2019-11-22,333.04
2367,2019-11-21,354.83
2366,2019-11-20,352.22
2365,2019-11-19,359.52
2364,2019-11-18,349.99
2363,2019-11-15,352.17
2362,2019-11-14,349.35
2361,2019-11-13,346.11
2360,2019-11-12,349.93
2359,2019-11-11,345.09
2358,2019-11-08,337.14
2357,2019-11-07,335.54
2356,2019-11-06,326.58
2355,2019-11-05,317.22
2354,2019-11-04,317.47
2353,2019-11-01,313.31
2352,2019-10-31,314.92
2351,2019-10-30,315.01
2350,2019-10-29,316.22
2349,2019-10-28,327.71
2348,2019-10-25,328.13
2347,2019-10-24,299.68
2346,2019-10-23,254.68
2345,2019-10-22,255.58
2344,2019-10-21,253.5
2343,2019-10-18,256.95
2342,2019-10-17,261.97
2341,2019-10-16,259.75
2340,2019-10-15,257.89
2339,2019-10-14,256.96
2338,2019-10-11,247.89
2337,2019-10-10,244.74
2336,2019-10-09,244.53
2335,2019-10-08,240.05
2334,2019-10-07,237.72
2333,2019-10-04,231.43
2332,2019-10-03,233.03
2331,2019-10-02,243.13
2330,2019-10-01,244.69
2329,2019-09-30,240.87
2328,2019-09-27,242.13
2327,2019-09-26,242.56
2326,2019-09-25,228.7
2325,2019-09-24,223.21
2324,2019-09-23,241.23
2323,2019-09-20,240.62
2322,2019-09-19,246.6
2321,2019-09-18,243.49
2320,2019-09-17,244.79
2319,2019-09-16,242.81
2318,2019-09-13,245.2
2317,2019-09-12,245.87
2316,2019-09-11,247.1
2315,2019-09-10,235.54
2314,2019-09-09,231.79
2313,2019-09-06,227.45
2312,2019-09-05,229.58
2311,2019-09-04,220.68
2310,2019-09-03,225.01
2309,2019-08-30,225.61
2308,2019-08-29,221.71
2307,2019-08-28,215.59
2306,2019-08-27,214.08
2305,2019-08-26,215.0
2304,2019-08-23,211.4
2303,2019-08-22,222.15
2302,2019-08-21,220.83
2301,2019-08-20,225.86
2300,2019-08-19,226.83
2299,2019-08-16,219.94
2298,2019-08-15,215.64
2297,2019-08-14,219.62
2296,2019-08-13,235.0
2295,2019-08-12,229.01
2294,2019-08-09,235.01
2293,2019-08-08,238.3
2292,2019-08-07,233.42
2291,2019-08-06,230.75
2290,2019-08-05,228.32
2289,2019-08-02,234.34
2288,2019-08-01,233.85
2287,2019-07-31,241.61
2286,2019-07-30,242.26
2285,2019-07-29,235.77
2284,2019-07-26,228.04
2283,2019-07-25,228.82
2282,2019-07-24,264.88
2281,2019-07-23,260.17
2280,2019-07-22,255.68
2279,2019-07-19,258.18
2278,2019-07-18,253.54
2277,2019-07-17,254.86
2276,2019-07-16,252.38
2275,2019-07-15,253.5
2274,2019-07-12,245.08
2273,2019-07-11,238.6
2272,2019-07-10,238.92
2271,2019-07-09,230.06
2270,2019-07-08,230.34
2269,2019-07-05,233.1
2268,2019-07-03,234.9
2267,2019-07-02,224.55
2266,2019-07-01,227.17
2265,2019-06-28,223.46
2264,2019-06-27,222.84
2263,2019-06-26,219.27
2262,2019-06-25,219.76
2261,2019-06-24,223.64
2260,2019-06-21,221.86
2259,2019-06-20,219.62
2258,2019-06-19,226.43
2257,2019-06-18,224.74
2256,2019-06-17,225.03
2255,2019-06-14,214.92
2254,2019-06-13,213.91
2253,2019-06-12,209.26
2252,2019-06-11,217.1
2251,2019-06-10,212.88
2250,2019-06-07,204.5
2249,2019-06-06,205.95
2248,2019-06-05,196.59
2247,2019-06-04,193.6
2246,2019-06-03,178.97
2245,2019-05-31,185.16
2244,2019-05-30,188.22
2243,2019-05-29,189.86
2242,2019-05-28,188.7
2241,2019-05-24,190.63
2240,2019-05-23,195.49
2239,2019-05-22,192.73
2238,2019-05-21,205.08
2237,2019-05-20,205.36
2236,2019-05-17,211.03
2235,2019-05-16,228.33
2234,2019-05-15,231.95
2233,2019-05-14,232.31
2232,2019-05-13,227.01
2231,2019-05-10,239.52
2230,2019-05-09,241.98
2229,2019-05-08,244.84
2228,2019-05-07,247.06
2227,2019-05-06,255.34
2226,2019-05-03,255.03
2225,2019-05-02,244.1
2224,2019-05-01,234.01
2223,2019-04-30,238.69
2222,2019-04-29,241.47
2221,2019-04-26,235.14
2220,2019-04-25,247.63
2219,2019-04-24,258.66
2218,2019-04-23,263.9
2217,2019-04-22,262.75
2216,2019-04-18,273.26
2215,2019-04-17,271.23
2214,2019-04-16,273.36
2213,2019-04-15,266.38
2212,2019-04-12,267.7
2211,2019-04-11,268.42
2210,2019-04-10,276.06
2209,2019-04-09,272.31
2208,2019-04-08,273.2
2207,2019-04-05,274.96
2206,2019-04-04,267.78
2205,2019-04-03,291.81
2204,2019-04-02,285.88
2203,2019-04-01,289.18
2202,2019-03-29,279.86
2201,2019-03-28,278.62
2200,2019-03-27,274.83
2199,2019-03-26,267.77
2198,2019-03-25,260.42
2197,2019-03-22,264.53
2196,2019-03-21,274.02
2195,2019-03-20,273.6
2194,2019-03-19,267.47
2193,2019-03-18,269.49
2192,2019-03-15,275.43
2191,2019-03-14,289.96
2190,2019-03-13,288.96
2189,2019-03-12,283.36
2188,2019-03-11,290.92
2187,2019-03-08,284.14
2186,2019-03-07,276.59
2185,2019-03-06,276.24
2184,2019-03-05,276.54
2183,2019-03-04,285.36
2182,2019-03-01,294.79
2181,2019-02-28,319.88
2180,2019-02-27,314.74
2179,2019-02-26,297.86
2178,2019-02-25,298.77
2177,2019-02-22,294.71
2176,2019-02-21,291.23
2175,2019-02-20,302.56
2174,2019-02-19,305.64
2173,2019-02-15,307.88
2172,2019-02-14,303.77
2171,2019-02-13,308.17
2170,2019-02-12,311.81
2169,2019-02-11,312.84
2168,2019-02-08,305.8
2167,2019-02-07,307.51
2166,2019-02-06,317.22
2165,2019-02-05,321.35
2164,2019-02-04,312.89
2163,2019-02-01,312.21
2162,2019-01-31,307.02
2161,2019-01-30,308.77
2160,2019-01-29,297.46
2159,2019-01-28,296.38
2158,2019-01-25,297.04
2157,2019-01-24,291.51
2156,2019-01-23,287.59
2155,2019-01-22,298.92
2154,2019-01-18,302.26
2153,2019-01-17,347.31
2152,2019-01-16,346.05
2151,2019-01-15,344.43
2150,2019-01-14,334.4
2149,2019-01-11,347.26
2148,2019-01-10,344.97
2147,2019-01-09,338.53
2146,2019-01-08,335.35
2145,2019-01-07,334.96
2144,2019-01-04,317.69
2143,2019-01-03,300.36
2142,2019-01-02,310.12
2141,2018-12-31,332.8
2140,2018-12-28,333.87
2139,2018-12-27,316.13
2138,2018-12-26,326.09
2137,2018-12-24,295.39
2136,2018-12-21,319.77
2135,2018-12-20,315.38
2134,2018-12-19,332.97
2133,2018-12-18,337.03
2132,2018-12-17,348.42
2131,2018-12-14,365.71
2130,2018-12-13,376.79
2129,2018-12-12,366.6
2128,2018-12-11,366.76
2127,2018-12-10,365.15
2126,2018-12-07,357.97
2125,2018-12-06,363.06
2124,2018-12-04,359.7
2123,2018-12-03,358.49
2122,2018-11-30,350.48
2121,2018-11-29,341.17
2120,2018-11-28,347.87
2119,2018-11-27,343.92
2118,2018-11-26,346.0
2117,2018-11-23,325.83
2116,2018-11-21,338.19
2115,2018-11-20,347.49
2114,2018-11-19,353.47
2113,2018-11-16,354.31
2112,2018-11-15,348.44
2111,2018-11-14,344.0
2110,2018-11-13,338.73
2109,2018-11-12,331.28
2108,2018-11-09,350.51
2107,2018-11-08,351.4
2106,2018-11-07,348.16
2105,2018-11-06,341.06
2104,2018-11-05,341.4
2103,2018-11-02,346.41
2102,2018-11-01,344.28
2101,2018-10-31,337.32
2100,2018-10-30,329.9
2099,2018-10-29,334.85
2098,2018-10-26,330.9
2097,2018-10-25,314.86
2096,2018-10-24,288.5
2095,2018-10-23,294.14
2094,2018-10-22,260.95
2093,2018-10-19,260.0
2092,2018-10-18,263.91
2091,2018-10-17,271.78
2090,2018-10-16,276.59
2089,2018-10-15,259.59
2088,2018-10-12,258.78
2087,2018-10-11,252.23
2086,2018-10-10,256.88
2085,2018-10-09,262.8
2084,2018-10-08,250.56
2083,2018-10-05,261.95
2082,2018-10-04,281.83
2081,2018-10-03,294.8
2080,2018-10-02,301.02
2079,2018-10-01,310.7
2078,2018-09-28,264.77
2077,2018-09-27,307.52
2076,2018-09-26,309.58
2075,2018-09-25,300.99
2074,2018-09-24,299.68
2073,2018-09-21,299.1
2072,2018-09-20,298.33
2071,2018-09-19,299.02
2070,2018-09-18,284.96
2069,2018-09-17,294.84
2068,2018-09-14,295.2
2067,2018-09-13,289.46
2066,2018-09-12,290.54
2065,2018-09-11,279.44
2064,2018-09-10,285.5
2063,2018-09-07,263.24
2062,2018-09-06,280.95
2061,2018-09-05,280.74
2060,2018-09-04,288.95
2059,2018-08-31,301.66
2058,2018-08-30,303.15
2057,2018-08-29,305.01
2056,2018-08-28,311.86
2055,2018-08-27,319.27
2054,2018-08-24,322.82
2053,2018-08-23,320.1
2052,2018-08-22,321.64
2051,2018-08-21,321.9
2050,2018-08-20,308.44
2049,2018-08-17,305.5
2048,2018-08-16,335.45
2047,2018-08-15,338.69
2046,2018-08-14,347.64
2045,2018-08-13,356.41
2044,2018-08-10,355.49
2043,2018-08-09,352.45
2042,2018-08-08,370.34
2041,2018-08-07,379.57
2040,2018-08-06,341.99
2039,2018-08-03,348.17
2038,2018-08-02,349.54
2037,2018-08-01,300.84
2036,2018-07-31,298.14
2035,2018-07-30,290.17
2034,2018-07-27,297.18
2033,2018-07-26,306.65
2032,2018-07-25,308.74
2031,2018-07-24,297.43
2030,2018-07-23,303.2
2029,2018-07-20,313.58
2028,2018-07-19,320.23
2027,2018-07-18,323.85
2026,2018-07-17,322.69
2025,2018-07-16,310.1
2024,2018-07-13,318.87
2023,2018-07-12,316.71
2022,2018-07-11,318.96
2021,2018-07-10,322.47
2020,2018-07-09,318.51
2019,2018-07-06,308.9
2018,2018-07-05,309.16
2017,2018-07-03,310.86
2016,2018-07-02,335.07
2015,2018-06-29,342.95
2014,2018-06-28,349.93
2013,2018-06-27,344.5
2012,2018-06-26,342.0
2011,2018-06-25,333.01
2010,2018-06-22,333.63
2009,2018-06-21,347.51
2008,2018-06-20,362.22
2007,2018-06-19,352.55
2006,2018-06-18,370.83
2005,2018-06-15,358.17
2004,2018-06-14,357.72
2003,2018-06-13,344.78
2002,2018-06-12,342.77
2001,2018-06-11,332.1
2000,2018-06-08,317.66
1999,2018-06-07,316.09
1998,2018-06-06,319.5
1997,2018-06-05,291.13
1996,2018-06-04,296.74
1995,2018-06-01,291.82
1994,2018-05-31,284.73
1993,2018-05-30,291.72
1992,2018-05-29,283.76
1991,2018-05-25,278.85
1990,2018-05-24,277.85
1989,2018-05-23,279.07
1988,2018-05-22,275.01
1987,2018-05-21,284.49
1986,2018-05-18,276.82
1985,2018-05-17,284.54
1984,2018-05-16,286.48
1983,2018-05-15,284.18
1982,2018-05-14,291.97
1981,2018-05-11,301.06
1980,2018-05-10,305.02
1979,2018-05-09,306.85
1978,2018-05-08,301.97
1977,2018-05-07,302.77
1976,2018-05-04,294.09
1975,2018-05-03,284.45
1974,2018-05-02,301.15
1973,2018-05-01,299.92
1972,2018-04-30,293.9
1971,2018-04-27,294.08
1970,2018-04-26,285.48
1969,2018-04-25,280.69
1968,2018-04-24,283.46
1967,2018-04-23,283.37
1966,2018-04-20,290.24
1965,2018-04-19,300.08
1964,2018-04-18,293.35
1963,2018-04-17,287.69
1962,2018-04-16,291.21
1961,2018-04-13,300.34
1960,2018-04-12,294.08
1959,2018-04-11,300.93
1958,2018-04-10,304.7
1957,2018-04-09,289.66
1956,2018-04-06,299.3
1955,2018-04-05,305.72
1954,2018-04-04,286.94
1953,2018-04-03,267.53
1952,2018-04-02,252.48
1951,2018-03-29,266.13
1950,2018-03-28,257.78
1949,2018-03-27,279.18
1948,2018-03-26,304.18
1947,2018-03-23,301.54
1946,2018-03-22,309.1
1945,2018-03-21,316.53
1944,2018-03-20,310.55
1943,2018-03-19,313.56
1942,2018-03-16,321.35
1941,2018-03-15,325.6
1940,2018-03-14,326.63
1939,2018-03-13,341.84
1938,2018-03-12,345.51
1937,2018-03-09,327.17
1936,2018-03-08,329.1
1935,2018-03-07,332.3
1934,2018-03-06,328.2
1933,2018-03-05,333.35
1932,2018-03-02,335.12
1931,2018-03-01,330.93
1930,2018-02-28,343.06
1929,2018-02-27,350.99
1928,2018-02-26,357.42
1927,2018-02-23,352.05
1926,2018-02-22,346.17
1925,2018-02-21,333.3
1924,2018-02-20,334.77
1923,2018-02-16,335.49
1922,2018-02-15,334.07
1921,2018-02-14,322.31
1920,2018-02-13,323.66
1919,2018-02-12,315.73
1918,2018-02-09,310.42
1917,2018-02-08,315.23
1916,2018-02-07,345.0
1915,2018-02-06,333.97
1914,2018-02-05,333.13
1913,2018-02-02,343.75
1912,2018-02-01,349.25
1911,2018-01-31,354.31
1910,2018-01-30,345.82
1909,2018-01-29,349.53
1908,2018-01-26,342.85
1907,2018-01-25,337.64
1906,2018-01-24,345.89
1905,2018-01-23,352.79
1904,2018-01-22,351.56
1903,2018-01-19,350.02
1902,2018-01-18,344.57
1901,2018-01-17,347.16
1900,2018-01-16,340.06
1899,2018-01-12,336.22
1898,2018-01-11,337.95
1897,2018-01-10,334.8
1896,2018-01-09,333.69
1895,2018-01-08,336.41
1894,2018-01-05,316.58
1893,2018-01-04,314.62
1892,2018-01-03,317.25
1891,2018-01-02,320.53
1890,2017-12-29,311.35
1889,2017-12-28,315.36
1888,2017-12-27,311.64
1887,2017-12-26,317.29
1886,2017-12-22,325.2
1885,2017-12-21,331.66
1884,2017-12-20,328.98
1883,2017-12-19,331.1
1882,2017-12-18,338.87
1881,2017-12-15,343.45
1880,2017-12-14,337.89
1879,2017-12-13,339.03
1878,2017-12-12,341.03
1877,2017-12-11,328.91
1876,2017-12-08,315.13
1875,2017-12-07,311.24
1874,2017-12-06,313.26
1873,2017-12-05,303.7
1872,2017-12-04,305.2
1871,2017-12-01,306.53
1870,2017-11-30,308.85
1869,2017-11-29,307.54
1868,2017-11-28,317.55
1867,2017-11-27,316.81
1866,2017-11-24,315.55
1865,2017-11-22,312.6
1864,2017-11-21,317.81
1863,2017-11-20,308.74
1862,2017-11-17,315.05
1861,2017-11-16,312.5
1860,2017-11-15,311.3
1859,2017-11-14,308.7
1858,2017-11-13,315.4
1857,2017-11-10,302.99
1856,2017-11-09,302.99
1855,2017-11-08,304.39
1854,2017-11-07,306.05
1853,2017-11-06,302.78
1852,2017-11-03,306.09
1851,2017-11-02,299.26
1850,2017-11-01,321.08
1849,2017-10-31,331.53
1848,2017-10-30,320.08
1847,2017-10-27,320.87
1846,2017-10-26,326.17
1845,2017-10-25,325.84
1844,2017-10-24,337.34
1843,2017-10-23,337.02
1842,2017-10-20,345.1
1841,2017-10-19,351.81
1840,2017-10-18,359.65
1839,2017-10-17,355.75
1838,2017-10-16,350.6
1837,2017-10-13,355.57
1836,2017-10-12,355.68
1835,2017-10-11,354.6
1834,2017-10-10,355.59
1833,2017-10-09,342.94
1832,2017-10-06,356.88
1831,2017-10-05,355.33
1830,2017-10-04,355.01
1829,2017-10-03,348.14
1828,2017-10-02,341.53
1827,2017-09-29,341.1
1826,2017-09-28,339.6
1825,2017-09-27,340.97
1824,2017-09-26,345.25
1823,2017-09-25,344.99
1822,2017-09-22,351.09
1821,2017-09-21,366.48
1820,2017-09-20,373.91
1819,2017-09-19,375.1
1818,2017-09-18,385.0
1817,2017-09-15,379.81
1816,2017-09-14,377.64
1815,2017-09-13,366.23
1814,2017-09-12,362.75
1813,2017-09-11,363.69
1812,2017-09-08,343.4
1811,2017-09-07,350.61
1810,2017-09-06,344.53
1809,2017-09-05,349.59
1808,2017-09-01,355.4
1807,2017-08-31,355.9
1806,2017-08-30,353.18
1805,2017-08-29,347.36
1804,2017-08-28,345.66
1803,2017-08-25,348.05
1802,2017-08-24,352.93
1801,2017-08-23,352.77
1800,2017-08-22,341.35
1799,2017-08-21,337.86
1798,2017-08-18,347.46
1797,2017-08-17,351.92
1796,2017-08-16,362.91
1795,2017-08-15,362.33
1794,2017-08-14,363.8
1793,2017-08-11,357.715
1792,2017-08-10,355.4
1791,2017-08-09,363.53
1790,2017-08-08,365.22
1789,2017-08-07,355.17
1788,2017-08-04,356.91
1787,2017-08-03,347.09
1786,2017-08-02,325.89
1785,2017-08-01,319.57
1784,2017-07-31,323.47
1783,2017-07-28,335.07
1782,2017-07-27,334.46
1781,2017-07-26,343.85
1780,2017-07-25,339.6
1779,2017-07-24,342.52
1778,2017-07-21,328.4
1777,2017-07-20,329.92
1776,2017-07-19,325.26
1775,2017-07-18,328.24
1774,2017-07-17,319.57
1773,2017-07-14,327.78
1772,2017-07-13,323.41
1771,2017-07-12,329.52
1770,2017-07-11,327.22
1769,2017-07-10,316.05
1768,2017-07-07,313.22
1767,2017-07-06,308.83
1766,2017-07-05,327.09
1765,2017-07-03,352.62
1764,2017-06-30,361.61
1763,2017-06-29,360.75
1762,2017-06-28,371.24
1761,2017-06-27,362.37
1760,2017-06-26,377.49
1759,2017-06-23,383.45
1758,2017-06-22,382.61
1757,2017-06-21,376.4
1756,2017-06-20,372.24
1755,2017-06-19,369.8
1754,2017-06-16,371.4
1753,2017-06-15,375.34
1752,2017-06-14,380.66
1751,2017-06-13,375.95
1750,2017-06-12,359.01
1749,2017-06-09,357.32
1748,2017-06-08,370.0
1747,2017-06-07,359.65
1746,2017-06-06,352.85
1745,2017-06-05,347.32
1744,2017-06-02,339.85
1743,2017-06-01,340.37
1742,2017-05-31,341.01
1741,2017-05-30,335.1
1740,2017-05-26,325.14
1739,2017-05-25,316.83
1738,2017-05-24,310.22
1737,2017-05-23,303.86
1736,2017-05-22,310.35
1735,2017-05-19,310.83
1734,2017-05-18,313.06
1733,2017-05-17,306.11
1732,2017-05-16,317.01
1731,2017-05-15,315.88
1730,2017-05-12,324.81
1729,2017-05-11,323.1
1728,2017-05-10,325.22
1727,2017-05-09,321.26
1726,2017-05-08,307.19
1725,2017-05-05,308.35
1724,2017-05-04,295.46
1723,2017-05-03,311.02
1722,2017-05-02,318.89
1721,2017-05-01,322.83
1720,2017-04-28,314.07
1719,2017-04-27,308.63
1718,2017-04-26,310.17
1717,2017-04-25,313.79
1716,2017-04-24,308.03
1715,2017-04-21,305.6
1714,2017-04-20,302.51
1713,2017-04-19,305.52
1712,2017-04-18,300.25
1711,2017-04-17,301.44
1710,2017-04-13,304.0
1709,2017-04-12,296.84
1708,2017-04-11,308.71
1707,2017-04-10,312.39
1706,2017-04-07,302.54
1705,2017-04-06,298.7
1704,2017-04-05,295.0
1703,2017-04-04,303.7
1702,2017-04-03,298.52
1701,2017-03-31,278.3
1700,2017-03-30,277.92
1699,2017-03-29,277.38
1698,2017-03-28,277.45
1697,2017-03-27,270.22
1696,2017-03-24,263.16
1695,2017-03-23,254.78
1694,2017-03-22,255.01
1693,2017-03-21,250.68
1692,2017-03-20,261.92
1691,2017-03-17,261.5
1690,2017-03-16,262.05
1689,2017-03-15,255.73
1688,2017-03-14,258.0
1687,2017-03-13,246.17
1686,2017-03-10,243.69
1685,2017-03-09,244.9
1684,2017-03-08,246.87
1683,2017-03-07,248.59
1682,2017-03-06,251.21
1681,2017-03-03,251.57
1680,2017-03-02,250.48
1679,2017-03-01,250.02
1678,2017-02-28,249.99
1677,2017-02-27,246.23
1676,2017-02-24,257.0
1675,2017-02-23,255.99
1674,2017-02-22,273.51
1673,2017-02-21,277.39
1672,2017-02-17,272.23
1671,2017-02-16,268.95
1670,2017-02-15,279.76
1669,2017-02-14,280.98
1668,2017-02-13,280.6
1667,2017-02-10,269.23
1666,2017-02-09,269.2
1665,2017-02-08,262.08
1664,2017-02-07,257.48
1663,2017-02-06,257.77
1662,2017-02-03,251.33
1661,2017-02-02,251.55
1660,2017-02-01,249.24
1659,2017-01-31,251.93
1658,2017-01-30,250.63
1657,2017-01-27,252.95
1656,2017-01-26,252.51
1655,2017-01-25,254.47
1654,2017-01-24,254.61
1653,2017-01-23,248.92
1652,2017-01-20,244.73
1651,2017-01-19,243.76
1650,2017-01-18,238.36
1649,2017-01-17,235.58
1648,2017-01-13,237.75
1647,2017-01-12,229.59
1646,2017-01-11,229.73
1645,2017-01-10,229.87
1644,2017-01-09,231.28
1643,2017-01-06,229.01
1642,2017-01-05,226.75
1641,2017-01-04,226.99
1640,2017-01-03,216.99
1639,2016-12-30,213.69
1638,2016-12-29,214.68
1637,2016-12-28,219.74
1636,2016-12-27,219.53
1635,2016-12-23,213.34
1634,2016-12-22,208.45
1633,2016-12-21,207.7
1632,2016-12-20,208.79
1631,2016-12-19,202.73
1630,2016-12-16,202.49
1629,2016-12-15,197.58
1628,2016-12-14,198.69
1627,2016-12-13,198.15
1626,2016-12-12,192.43
1625,2016-12-09,192.18
1624,2016-12-08,192.29
1623,2016-12-07,193.15
1622,2016-12-06,185.85
1621,2016-12-05,186.8
1620,2016-12-02,181.47
1619,2016-12-01,181.88
1618,2016-11-30,189.4
1617,2016-11-29,189.57
1616,2016-11-28,196.12
1615,2016-11-25,196.65
1614,2016-11-23,193.14
1613,2016-11-22,191.17
1612,2016-11-21,184.52
1611,2016-11-18,185.02
1610,2016-11-17,188.66
1609,2016-11-16,183.93
1608,2016-11-15,183.77
1607,2016-11-14,181.45
1606,2016-11-11,188.56
1605,2016-11-10,185.35
1604,2016-11-09,190.06
1603,2016-11-08,194.94
1602,2016-11-07,193.21
1601,2016-11-04,190.56
1600,2016-11-03,187.42
1599,2016-11-02,188.02
1598,2016-11-01,190.79
1597,2016-10-31,197.73
1596,2016-10-28,199.97
1595,2016-10-27,204.01
1594,2016-10-26,202.24
1593,2016-10-25,202.34
1592,2016-10-24,202.76
1591,2016-10-21,200.09
1590,2016-10-20,199.1
1589,2016-10-19,203.56
1588,2016-10-18,199.1
1587,2016-10-17,193.96
1586,2016-10-14,196.51
1585,2016-10-13,200.24
1584,2016-10-12,201.51
1583,2016-10-11,200.1
1582,2016-10-10,200.95
1581,2016-10-07,196.61
1580,2016-10-06,201.0
1579,2016-10-05,208.46
1578,2016-10-04,211.41
1577,2016-10-03,213.7
1576,2016-09-30,204.03
1575,2016-09-29,200.7
1574,2016-09-28,206.27
1573,2016-09-27,205.81
1572,2016-09-26,208.99
1571,2016-09-23,207.45
1570,2016-09-22,206.43
1569,2016-09-21,205.22
1568,2016-09-20,204.64
1567,2016-09-19,206.34
1566,2016-09-16,205.4
1565,2016-09-15,200.42
1564,2016-09-14,196.41
1563,2016-09-13,196.05
1562,2016-09-12,198.3
1561,2016-09-09,194.47
1560,2016-09-08,197.36
1559,2016-09-07,201.71
1558,2016-09-06,202.83
1557,2016-09-02,197.78
1556,2016-09-01,200.77
1555,2016-08-31,212.01
1554,2016-08-30,211.34
1553,2016-08-29,215.2
1552,2016-08-26,219.99
1551,2016-08-25,220.96
1550,2016-08-24,222.62
1549,2016-08-23,224.84
1548,2016-08-22,222.93
1547,2016-08-19,225.0
1546,2016-08-18,223.51
1545,2016-08-17,223.24
1544,2016-08-16,223.61
1543,2016-08-15,225.59
1542,2016-08-12,225.61
1541,2016-08-11,224.91
1540,2016-08-10,225.65
1539,2016-08-09,229.08
1538,2016-08-08,226.16
1537,2016-08-05,230.03
1536,2016-08-04,230.61
1535,2016-08-03,225.79
1534,2016-08-02,227.2
1533,2016-08-01,230.01
1532,2016-07-29,234.79
1531,2016-07-28,230.61
1530,2016-07-27,228.49
1529,2016-07-26,229.51
1528,2016-07-25,230.01
1527,2016-07-22,222.27
1526,2016-07-21,220.5
1525,2016-07-20,228.36
1524,2016-07-19,225.26
1523,2016-07-18,226.25
1522,2016-07-15,220.4
1521,2016-07-14,221.53
1520,2016-07-13,222.53
1519,2016-07-12,224.65
1518,2016-07-11,224.78
1517,2016-07-08,216.78
1516,2016-07-07,215.94
1515,2016-07-06,214.44
1514,2016-07-05,213.98
1513,2016-07-01,216.5
1512,2016-06-30,212.28
1511,2016-06-29,210.19
1510,2016-06-28,201.79
1509,2016-06-27,198.55
1508,2016-06-24,193.15
1507,2016-06-23,196.4
1506,2016-06-22,196.66
1505,2016-06-21,219.61
1504,2016-06-20,219.7
1503,2016-06-17,215.47
1502,2016-06-16,217.93
1501,2016-06-15,217.7
1500,2016-06-14,214.96
1499,2016-06-13,217.87
1498,2016-06-10,218.79
1497,2016-06-09,229.36
1496,2016-06-08,235.52
1495,2016-06-07,232.34
1494,2016-06-06,220.68
1493,2016-06-03,218.99
1492,2016-06-02,218.96
1491,2016-06-01,219.56
1490,2016-05-31,223.23
1489,2016-05-27,223.04
1488,2016-05-26,225.12
1487,2016-05-25,219.58
1486,2016-05-24,217.91
1485,2016-05-23,216.22
1484,2016-05-20,220.28
1483,2016-05-19,215.21
1482,2016-05-18,211.17
1481,2016-05-17,204.66
1480,2016-05-16,208.29
1479,2016-05-13,207.61
1478,2016-05-12,207.28
1477,2016-05-11,208.96
1476,2016-05-10,208.69
1475,2016-05-09,208.92
1474,2016-05-06,214.93
1473,2016-05-05,211.53
1472,2016-05-04,222.56
1471,2016-05-03,232.32
1470,2016-05-02,241.8
1469,2016-04-29,240.76
1468,2016-04-28,247.71
1467,2016-04-27,251.47
1466,2016-04-26,253.74
1465,2016-04-25,251.82
1464,2016-04-22,253.75
1463,2016-04-21,248.29
1462,2016-04-20,249.97
1461,2016-04-19,247.37
1460,2016-04-18,253.88
1459,2016-04-15,254.51
1458,2016-04-14,251.86
1457,2016-04-13,254.53
1456,2016-04-12,247.82
1455,2016-04-11,249.92
1454,2016-04-08,250.07
1453,2016-04-07,257.2
1452,2016-04-06,265.42
1451,2016-04-05,255.47
1450,2016-04-04,246.99
1449,2016-04-01,237.59
1448,2016-03-31,229.77
1447,2016-03-30,226.89
1446,2016-03-29,230.13
1445,2016-03-28,230.26
1444,2016-03-24,227.75
1443,2016-03-23,222.58
1442,2016-03-22,234.24
1441,2016-03-21,238.32
1440,2016-03-18,232.74
1439,2016-03-17,226.38
1438,2016-03-16,221.93
1437,2016-03-15,218.34
1436,2016-03-14,215.15
1435,2016-03-11,207.5
1434,2016-03-10,205.18
1433,2016-03-09,208.72
1432,2016-03-08,202.6
1431,2016-03-07,205.29
1430,2016-03-04,201.04
1429,2016-03-03,195.74
1428,2016-03-02,188.34
1427,2016-03-01,186.35
1426,2016-02-29,191.93
1425,2016-02-26,190.34
1424,2016-02-25,187.43
1423,2016-02-24,179.0
1422,2016-02-23,177.21
1421,2016-02-22,177.74
1420,2016-02-19,166.58
1419,2016-02-18,166.77
1418,2016-02-17,168.68
1417,2016-02-16,155.17
1416,2016-02-12,151.04
1415,2016-02-11,150.47
1414,2016-02-10,143.67
1413,2016-02-09,148.25
1412,2016-02-08,147.99
1411,2016-02-05,162.6
1410,2016-02-04,175.33
1409,2016-02-03,173.48
1408,2016-02-02,182.78
1407,2016-02-01,196.94
1406,2016-01-29,191.2
1405,2016-01-28,189.7
1404,2016-01-27,188.07
1403,2016-01-26,193.56
1402,2016-01-25,196.38
1401,2016-01-22,202.55
1400,2016-01-21,199.97
1399,2016-01-20,198.7
1398,2016-01-19,204.72
1397,2016-01-15,204.99
1396,2016-01-14,206.18
1395,2016-01-13,200.31
1394,2016-01-12,209.97
1393,2016-01-11,207.85
1392,2016-01-08,211.0
1391,2016-01-07,215.65
1390,2016-01-06,219.04
1389,2016-01-05,223.43
1388,2016-01-04,223.41
1387,2015-12-31,240.01
1386,2015-12-30,238.09
1385,2015-12-29,237.19
1384,2015-12-28,228.95
1383,2015-12-24,230.57
1382,2015-12-23,229.7
1381,2015-12-22,229.95
1380,2015-12-21,232.56
1379,2015-12-18,230.46
1378,2015-12-17,233.39
1377,2015-12-16,234.51
1376,2015-12-15,221.09
1375,2015-12-14,218.58
1374,2015-12-11,217.02
1373,2015-12-10,227.07
1372,2015-12-09,224.52
1371,2015-12-08,226.72
1370,2015-12-07,231.13
1369,2015-12-04,230.38
1368,2015-12-03,232.71
1367,2015-12-02,231.99
1366,2015-12-01,237.19
1365,2015-11-30,230.26
1364,2015-11-27,231.61
1363,2015-11-25,229.64
1362,2015-11-24,218.25
1361,2015-11-23,217.75
1360,2015-11-20,220.01
1359,2015-11-19,221.8
1358,2015-11-18,221.07
1357,2015-11-17,214.0
1356,2015-11-16,214.31
1355,2015-11-13,207.19
1354,2015-11-12,212.94
1353,2015-11-11,219.08
1352,2015-11-10,216.5
1351,2015-11-09,225.33
1350,2015-11-06,232.36
1349,2015-11-05,231.77
1348,2015-11-04,231.63
1347,2015-11-03,208.35
1346,2015-11-02,213.79
1345,2015-10-30,206.93
1344,2015-10-29,211.63
1343,2015-10-28,212.96
1342,2015-10-27,210.35
1341,2015-10-26,215.26
1340,2015-10-23,209.09
1339,2015-10-22,211.72
1338,2015-10-21,210.09
1337,2015-10-20,213.03
1336,2015-10-19,228.1
1335,2015-10-16,227.01
1334,2015-10-15,221.31
1333,2015-10-14,216.88
1332,2015-10-13,219.25
1331,2015-10-12,215.58
1330,2015-10-09,220.69
1329,2015-10-08,226.72
1328,2015-10-07,231.96
1327,2015-10-06,241.46
1326,2015-10-05,246.15
1325,2015-10-02,247.57
1324,2015-10-01,239.88
1323,2015-09-30,248.4
1322,2015-09-29,246.65
1321,2015-09-28,248.43
1320,2015-09-25,256.91
1319,2015-09-24,263.12
1318,2015-09-23,261.06
1317,2015-09-22,260.94
1316,2015-09-21,264.2
1315,2015-09-18,260.62
1314,2015-09-17,262.07
1313,2015-09-16,262.25
1312,2015-09-15,253.57
1311,2015-09-14,253.19
1310,2015-09-11,250.24
1309,2015-09-10,248.48
1308,2015-09-09,248.91
1307,2015-09-08,248.17
1306,2015-09-04,241.93
1305,2015-09-03,245.57
1304,2015-09-02,247.69
1303,2015-09-01,238.63
1302,2015-08-31,249.06
1301,2015-08-28,248.48
1300,2015-08-27,242.99
1299,2015-08-26,224.84
1298,2015-08-25,220.03
1297,2015-08-24,218.87
1296,2015-08-21,230.77
1295,2015-08-20,242.18
1294,2015-08-19,255.25
1293,2015-08-18,260.72
1292,2015-08-17,254.99
1291,2015-08-14,243.15
1290,2015-08-13,242.51
1289,2015-08-12,238.17
1288,2015-08-11,237.37
1287,2015-08-10,241.14
1286,2015-08-07,242.51
1285,2015-08-06,246.13
1284,2015-08-05,270.13
1283,2015-08-04,266.28
1282,2015-08-03,259.99
1281,2015-07-31,266.15
1280,2015-07-30,266.79
1279,2015-07-29,263.82
1278,2015-07-28,264.82
1277,2015-07-27,253.01
1276,2015-07-24,265.41
1275,2015-07-23,267.2
1274,2015-07-22,267.87
1273,2015-07-21,266.77
1272,2015-07-20,282.26
1271,2015-07-17,274.66
1270,2015-07-16,266.68
1269,2015-07-15,263.14
1268,2015-07-14,265.65
1267,2015-07-13,262.16
1266,2015-07-10,259.15
1265,2015-07-09,257.92
1264,2015-07-08,254.96
1263,2015-07-07,267.88
1262,2015-07-06,279.72
1261,2015-07-02,280.02
1260,2015-07-01,269.15
1259,2015-06-30,268.26
1258,2015-06-29,262.02
1257,2015-06-26,267.09
1256,2015-06-25,268.79
1255,2015-06-24,265.17
1254,2015-06-23,267.67
1253,2015-06-22,259.79
1252,2015-06-19,262.51
1251,2015-06-18,261.89
1250,2015-06-17,260.41
1249,2015-06-16,253.12
1248,2015-06-15,250.38
1247,2015-06-12,250.69
1246,2015-06-11,251.41
1245,2015-06-10,250.7
1244,2015-06-09,256.0
1243,2015-06-08,256.29
1242,2015-06-05,249.14
1241,2015-06-04,245.92
1240,2015-06-03,248.99
1239,2015-06-02,248.35
1238,2015-06-01,249.45
1237,2015-05-29,250.8
1236,2015-05-28,251.45
1235,2015-05-27,247.43
1234,2015-05-26,247.455
1233,2015-05-22,247.73
1232,2015-05-21,245.62
1231,2015-05-20,244.35
1230,2015-05-19,247.14
1229,2015-05-18,248.75
1228,2015-05-15,248.84
1227,2015-05-14,244.1
1226,2015-05-13,243.18
1225,2015-05-12,244.74
1224,2015-05-11,239.49
1223,2015-05-08,236.61
1222,2015-05-07,236.8
1221,2015-05-06,230.43
1220,2015-05-05,232.95
1219,2015-05-04,230.51
1218,2015-05-01,226.03
1217,2015-04-30,226.05
1216,2015-04-29,232.45
1215,2015-04-28,230.48
1214,2015-04-27,231.55
1213,2015-04-24,218.425
1212,2015-04-23,218.6
1211,2015-04-22,219.44
1210,2015-04-21,209.41
1209,2015-04-20,205.27
1208,2015-04-17,206.79
1207,2015-04-16,206.7
1206,2015-04-15,207.83
1205,2015-04-14,207.46
1204,2015-04-13,209.78
1203,2015-04-10,210.9
1202,2015-04-09,210.09
1201,2015-04-08,207.67
1200,2015-04-07,203.25
1199,2015-04-06,203.1
1198,2015-04-02,191.0
1197,2015-04-01,187.59
1196,2015-03-31,188.77
1195,2015-03-30,190.57
1194,2015-03-27,185.0
1193,2015-03-26,190.405
1192,2015-03-25,194.3
1191,2015-03-24,201.72
1190,2015-03-23,199.63
1189,2015-03-20,198.08
1188,2015-03-19,195.65
1187,2015-03-18,200.71
1186,2015-03-17,194.73
1185,2015-03-16,195.7
1184,2015-03-13,188.68
1183,2015-03-12,191.07
1182,2015-03-11,193.74
1181,2015-03-10,190.32
1180,2015-03-09,190.88
1179,2015-03-06,193.88
1178,2015-03-05,200.63
1177,2015-03-04,202.435
1176,2015-03-03,199.56
1175,2015-03-02,197.325
1174,2015-02-27,203.34
1173,2015-02-26,207.19
1172,2015-02-25,203.76
1171,2015-02-24,204.11
1170,2015-02-23,207.335
1169,2015-02-20,217.11
1168,2015-02-19,211.705
1167,2015-02-18,204.46
1166,2015-02-17,204.35
1165,2015-02-13,203.77
1164,2015-02-12,202.88
1163,2015-02-11,212.8
1162,2015-02-10,216.29
1161,2015-02-09,217.48
1160,2015-02-06,217.36
1159,2015-02-05,220.99
1158,2015-02-04,218.55
1157,2015-02-03,218.36
1156,2015-02-02,210.94
1155,2015-01-30,203.6
1154,2015-01-29,205.2
1153,2015-01-28,199.37
1152,2015-01-27,205.98
1151,2015-01-26,206.55
1150,2015-01-23,201.29
1149,2015-01-22,201.62
1148,2015-01-21,196.57
1147,2015-01-20,191.93
1146,2015-01-16,193.07
1145,2015-01-15,191.87
1144,2015-01-14,192.69
1143,2015-01-13,204.25
1142,2015-01-12,202.21
1141,2015-01-09,206.66
1140,2015-01-08,210.615
1139,2015-01-07,210.95
1138,2015-01-06,211.28
1137,2015-01-05,210.09
1136,2015-01-02,219.31
1135,2014-12-31,222.41
1134,2014-12-30,222.23
1133,2014-12-29,225.71
1132,2014-12-26,227.82
1131,2014-12-24,222.26
1130,2014-12-23,220.97
1129,2014-12-22,222.6
1128,2014-12-19,219.29
1127,2014-12-18,218.26
1126,2014-12-17,205.82
1125,2014-12-16,197.81
1124,2014-12-15,204.04
1123,2014-12-12,207.0
1122,2014-12-11,208.88
1121,2014-12-10,209.84
1120,2014-12-09,216.89
1119,2014-12-08,214.36
1118,2014-12-05,223.71
1117,2014-12-04,228.28
1116,2014-12-03,229.3
1115,2014-12-02,231.43
1114,2014-12-01,231.64
1113,2014-11-28,244.52
1112,2014-11-26,248.44
1111,2014-11-25,248.09
1110,2014-11-24,246.72
1109,2014-11-21,242.78
1108,2014-11-20,248.71
1107,2014-11-19,247.74
1106,2014-11-18,257.7
1105,2014-11-17,253.98
1104,2014-11-14,258.68
1103,2014-11-13,251.7
1102,2014-11-12,249.1
1101,2014-11-11,251.08
1100,2014-11-10,241.93
1099,2014-11-07,240.2
1098,2014-11-06,241.22
1097,2014-11-05,230.97
1096,2014-11-04,238.93
1095,2014-11-03,242.59
1094,2014-10-31,241.7
1093,2014-10-30,238.66
1092,2014-10-29,238.1
1091,2014-10-28,242.77
1090,2014-10-27,221.67
1089,2014-10-24,235.24
1088,2014-10-23,235.29
1087,2014-10-22,231.1
1086,2014-10-21,235.34
1085,2014-10-20,230.47
1084,2014-10-17,227.48
1083,2014-10-16,226.35
1082,2014-10-15,229.7
1081,2014-10-14,227.06
1080,2014-10-13,224.59
1079,2014-10-10,236.91
1078,2014-10-09,257.01
1077,2014-10-08,259.28
1076,2014-10-07,259.57
1075,2014-10-06,260.62
1074,2014-10-03,255.21
1073,2014-10-02,251.42
1072,2014-10-01,240.24
1071,2014-09-30,242.68
1070,2014-09-29,245.26
1069,2014-09-26,246.6
1068,2014-09-25,246.95
1067,2014-09-24,252.14
1066,2014-09-23,250.41
1065,2014-09-22,250.03
1064,2014-09-19,259.32
1063,2014-09-18,263.82
1062,2014-09-17,261.38
1061,2014-09-16,260.74
1060,2014-09-15,253.86
1059,2014-09-12,279.2
1058,2014-09-11,280.31
1057,2014-09-10,281.1
1056,2014-09-09,278.48
1055,2014-09-08,282.11
1054,2014-09-05,277.39
1053,2014-09-04,286.04
1052,2014-09-03,281.19
1051,2014-09-02,284.12
1050,2014-08-29,269.7
1049,2014-08-28,263.86
1048,2014-08-27,263.25
1047,2014-08-26,261.74
1046,2014-08-25,262.55
1045,2014-08-22,256.78
1044,2014-08-21,254.34
1043,2014-08-20,255.71
1042,2014-08-19,256.76
1041,2014-08-18,259.94
1040,2014-08-15,262.01
1039,2014-08-14,261.38
1038,2014-08-13,260.31
1037,2014-08-12,259.96
1036,2014-08-11,259.32
1035,2014-08-08,248.13
1034,2014-08-07,252.39
1033,2014-08-06,248.9301
1032,2014-08-05,238.49
1031,2014-08-04,238.52
1030,2014-08-01,233.27
1029,2014-07-31,223.3
1028,2014-07-30,228.92
1027,2014-07-29,225.01
1026,2014-07-28,224.82
1025,2014-07-25,223.57
1024,2014-07-24,223.54
1023,2014-07-23,222.49
1022,2014-07-22,219.58
1021,2014-07-21,220.54
1020,2014-07-18,220.0201
1019,2014-07-17,215.4
1018,2014-07-16,217.16
1017,2014-07-15,219.58
1016,2014-07-14,226.7
1015,2014-07-11,218.13
1014,2014-07-10,219.46
1013,2014-07-09,223.06
1012,2014-07-08,219.07
1011,2014-07-07,222.66
1010,2014-07-03,229.25
1009,2014-07-02,229.425
1008,2014-07-01,239.72
1007,2014-06-30,240.06
1006,2014-06-27,239.06
1005,2014-06-26,235.6
1004,2014-06-25,236.891
1003,2014-06-24,232.5
1002,2014-06-23,237.22
1001,2014-06-20,229.59
1000,2014-06-19,227.79
999,2014-06-18,227.12
998,2014-06-17,231.67
997,2014-06-16,224.61
996,2014-06-13,206.42
995,2014-06-12,203.52
994,2014-06-11,204.47
993,2014-06-10,202.3
992,2014-06-09,205.31
991,2014-06-06,208.171
990,2014-06-05,206.9
989,2014-06-04,203.99
988,2014-06-03,204.94
987,2014-06-02,204.7
986,2014-05-30,207.77
985,2014-05-29,210.24
984,2014-05-28,210.24
983,2014-05-27,211.56
982,2014-05-23,207.3
981,2014-05-22,204.88
980,2014-05-21,199.45
979,2014-05-20,195.3
978,2014-05-19,196.09
977,2014-05-16,191.56
976,2014-05-15,188.59
975,2014-05-14,190.62
974,2014-05-13,190.16
973,2014-05-12,184.67
972,2014-05-09,182.26
971,2014-05-08,178.59
970,2014-05-07,201.35
969,2014-05-06,207.28
968,2014-05-05,216.61
967,2014-05-02,210.91
966,2014-05-01,207.73
965,2014-04-30,207.89
964,2014-04-29,206.92
963,2014-04-28,198.51
962,2014-04-25,199.85
961,2014-04-24,207.86
960,2014-04-23,207.99
959,2014-04-22,218.64
958,2014-04-21,204.38
957,2014-04-17,198.12
956,2014-04-16,199.11
955,2014-04-15,193.91
954,2014-04-14,198.09
953,2014-04-11,203.78
952,2014-04-10,204.19
951,2014-04-09,216.93
950,2014-04-08,215.46
949,2014-04-07,207.52
948,2014-04-04,212.225
947,2014-04-03,225.4
946,2014-04-02,230.29
945,2014-04-01,216.97
944,2014-03-31,208.45
943,2014-03-28,212.37
942,2014-03-27,207.32
941,2014-03-26,212.96
940,2014-03-25,220.44
939,2014-03-24,220.17
938,2014-03-21,228.89
937,2014-03-20,234.91
936,2014-03-19,235.84
935,2014-03-18,240.04
934,2014-03-17,233.98
933,2014-03-14,230.97
932,2014-03-13,237.79
931,2014-03-12,241.49
930,2014-03-11,234.41
929,2014-03-10,238.84
928,2014-03-07,246.21
927,2014-03-06,252.94
926,2014-03-05,252.66
925,2014-03-04,254.84
924,2014-03-03,250.56
923,2014-02-28,244.81
922,2014-02-27,252.54
921,2014-02-26,253.0
920,2014-02-25,248.0
919,2014-02-24,217.65
918,2014-02-21,209.6
917,2014-02-20,209.97
916,2014-02-19,193.64
915,2014-02-18,203.7
914,2014-02-14,198.23
913,2014-02-13,199.63
912,2014-02-12,195.32
911,2014-02-11,196.62
910,2014-02-10,196.56
909,2014-02-07,186.53
908,2014-02-06,178.38
907,2014-02-05,174.42
906,2014-02-04,178.73
905,2014-02-03,177.11
904,2014-01-31,181.41
903,2014-01-30,182.84
902,2014-01-29,175.23
901,2014-01-28,178.38
900,2014-01-27,169.62
899,2014-01-24,174.6
898,2014-01-23,181.5
897,2014-01-22,178.56
896,2014-01-21,176.68
895,2014-01-17,170.01
894,2014-01-16,170.97
893,2014-01-15,164.13
892,2014-01-14,161.27
891,2014-01-13,139.34
890,2014-01-10,145.7199
889,2014-01-09,147.53
888,2014-01-08,151.28
887,2014-01-07,149.36
886,2014-01-06,147.0
885,2014-01-03,149.56
884,2014-01-02,150.1
883,2013-12-31,150.429
882,2013-12-30,152.44
881,2013-12-27,151.12
880,2013-12-26,155.5
879,2013-12-24,151.41
878,2013-12-23,143.55
877,2013-12-20,143.24
876,2013-12-19,140.72
875,2013-12-18,147.98
874,2013-12-17,152.46
873,2013-12-16,147.94
872,2013-12-13,147.654
871,2013-12-12,147.47
870,2013-12-11,139.65
869,2013-12-10,142.19
868,2013-12-09,141.6
867,2013-12-06,137.36
866,2013-12-05,140.48
865,2013-12-04,138.95
864,2013-12-03,144.7
863,2013-12-02,124.17
862,2013-11-29,127.28
861,2013-11-27,126.94
860,2013-11-26,120.5
859,2013-11-25,120.84
858,2013-11-22,121.38
857,2013-11-21,122.1
856,2013-11-20,121.11
855,2013-11-19,126.09
854,2013-11-18,121.58
853,2013-11-15,135.45
852,2013-11-14,137.6
851,2013-11-13,138.7
850,2013-11-12,137.8
849,2013-11-11,144.698
848,2013-11-08,137.95
847,2013-11-07,139.772
846,2013-11-06,151.16
845,2013-11-05,176.81
844,2013-11-04,175.2
843,2013-11-01,162.17
842,2013-10-31,159.94
841,2013-10-30,159.22
840,2013-10-29,164.47
839,2013-10-28,162.86
838,2013-10-25,169.66
837,2013-10-24,173.15
836,2013-10-23,164.5
835,2013-10-22,171.54
834,2013-10-21,172.6
833,2013-10-18,183.4
832,2013-10-17,182.802
831,2013-10-16,183.56
830,2013-10-15,183.94
829,2013-10-14,179.72
828,2013-10-11,178.7
827,2013-10-10,172.93
826,2013-10-09,168.78
825,2013-10-08,174.73
824,2013-10-07,183.07
823,2013-10-04,180.98
822,2013-10-03,173.31
821,2013-10-02,180.95
820,2013-10-01,193.0
819,2013-09-30,193.37
818,2013-09-27,190.9
817,2013-09-26,188.64
816,2013-09-25,185.238
815,2013-09-24,182.33
814,2013-09-23,181.11
813,2013-09-20,183.39
812,2013-09-19,177.92
811,2013-09-18,166.218
810,2013-09-17,166.23
809,2013-09-16,166.58
808,2013-09-13,165.54
807,2013-09-12,164.93
806,2013-09-11,163.52
805,2013-09-10,166.37
804,2013-09-09,160.7
803,2013-09-06,166.97
802,2013-09-05,169.93
801,2013-09-04,170.622
800,2013-09-03,168.94
799,2013-08-30,169.0
798,2013-08-29,166.06
797,2013-08-28,166.45
796,2013-08-27,167.01
795,2013-08-26,164.22
794,2013-08-23,161.839
793,2013-08-22,157.1
792,2013-08-21,147.86
791,2013-08-20,149.58
790,2013-08-19,144.9
789,2013-08-16,142.0
788,2013-08-15,139.67
787,2013-08-14,139.36
786,2013-08-13,145.43
785,2013-08-12,147.38
784,2013-08-09,153.0
783,2013-08-08,153.48
782,2013-08-07,134.23
781,2013-08-06,142.15
780,2013-08-05,144.68
779,2013-08-02,138.0
778,2013-08-01,135.55
777,2013-07-31,134.28
776,2013-07-30,131.74
775,2013-07-29,134.62
774,2013-07-26,129.39
773,2013-07-25,124.07
772,2013-07-24,121.7
771,2013-07-23,122.74
770,2013-07-22,122.43
769,2013-07-19,119.68
768,2013-07-18,119.03
767,2013-07-17,120.25
766,2013-07-16,109.05
765,2013-07-15,127.26
764,2013-07-12,129.9
763,2013-07-11,125.61
762,2013-07-10,122.27
761,2013-07-09,123.45
760,2013-07-08,121.61
759,2013-07-05,120.09
758,2013-07-03,115.24
757,2013-07-02,117.82
756,2013-07-01,117.179
755,2013-06-28,107.36
754,2013-06-27,109.25
753,2013-06-26,105.72
752,2013-06-25,102.4
751,2013-06-24,101.49
750,2013-06-21,99.55
749,2013-06-20,100.65
748,2013-06-19,104.68
747,2013-06-18,103.39
746,2013-06-17,102.2
745,2013-06-14,100.3
744,2013-06-13,98.18
743,2013-06-12,97.73
742,2013-06-11,94.47
741,2013-06-10,100.05
740,2013-06-07,102.04
739,2013-06-06,97.35
738,2013-06-05,95.37
737,2013-06-04,94.84
736,2013-06-03,92.59
735,2013-05-31,97.76
734,2013-05-30,104.95
733,2013-05-29,104.629
732,2013-05-28,110.334
731,2013-05-24,97.08
730,2013-05-23,92.73
729,2013-05-22,87.24
728,2013-05-21,87.59
727,2013-05-20,89.94
726,2013-05-17,91.5
725,2013-05-16,92.248
724,2013-05-15,84.842
723,2013-05-14,83.24
722,2013-05-13,87.8
721,2013-05-10,76.764
720,2013-05-09,69.4
719,2013-05-08,55.7865
718,2013-05-07,55.51
717,2013-05-06,59.5
716,2013-05-03,54.55
715,2013-05-02,54.11
714,2013-05-01,53.28
713,2013-04-30,53.99
712,2013-04-29,54.94
711,2013-04-26,51.2
710,2013-04-25,52.0
709,2013-04-24,50.43
708,2013-04-23,51.01
707,2013-04-22,50.19
706,2013-04-19,47.83
705,2013-04-18,46.97
704,2013-04-17,45.45
703,2013-04-16,45.59
702,2013-04-15,43.3
701,2013-04-12,43.75
700,2013-04-11,43.59
699,2013-04-10,41.86
698,2013-04-09,40.5
697,2013-04-08,41.83
696,2013-04-05,41.37
695,2013-04-04,42.01
694,2013-04-03,41.1
693,2013-04-02,44.34
692,2013-04-01,43.93
691,2013-03-28,37.89
690,2013-03-27,38.16
689,2013-03-26,37.86
688,2013-03-25,37.53
687,2013-03-22,36.62
686,2013-03-21,36.01
685,2013-03-20,35.95
684,2013-03-19,35.08
683,2013-03-18,35.15
682,2013-03-15,35.29
681,2013-03-14,36.85
680,2013-03-13,38.98
679,2013-03-12,39.12
678,2013-03-11,39.1
677,2013-03-08,38.47
676,2013-03-07,38.23
675,2013-03-06,37.69
674,2013-03-05,36.65
673,2013-03-04,35.58
672,2013-03-01,34.65
671,2013-02-28,34.83
670,2013-02-27,35.1
669,2013-02-26,34.43
668,2013-02-25,34.38
667,2013-02-22,36.11
666,2013-02-21,35.16
665,2013-02-20,38.54
664,2013-02-19,39.28
663,2013-02-15,37.04
662,2013-02-14,38.3
661,2013-02-13,38.45
660,2013-02-12,37.89
659,2013-02-11,38.42
658,2013-02-08,39.24
657,2013-02-07,39.48
656,2013-02-06,39.17
655,2013-02-05,38.13
654,2013-02-04,37.74
653,2013-02-01,38.3
652,2013-01-31,37.51
651,2013-01-30,37.52
650,2013-01-29,37.95
649,2013-01-28,38.03
648,2013-01-25,36.98
647,2013-01-24,36.99
646,2013-01-23,36.0
645,2013-01-22,35.19
644,2013-01-18,34.52
643,2013-01-17,34.38
642,2013-01-16,34.1
641,2013-01-15,33.9
640,2013-01-14,33.26
639,2013-01-11,32.91
638,2013-01-10,33.53
637,2013-01-09,33.64
636,2013-01-08,33.68
635,2013-01-07,34.34
634,2013-01-04,34.4
633,2013-01-03,34.77
632,2013-01-02,35.36
631,2012-12-31,33.87
630,2012-12-28,33.22
629,2012-12-27,33.69
628,2012-12-26,33.59
627,2012-12-24,34.28
626,2012-12-21,34.0
625,2012-12-20,34.43
624,2012-12-19,34.61
623,2012-12-18,34.59
622,2012-12-17,34.4
621,2012-12-14,33.81
620,2012-12-13,33.61
619,2012-12-12,35.26
618,2012-12-11,35.28
617,2012-12-10,34.57
616,2012-12-07,34.17
615,2012-12-06,33.9
614,2012-12-05,33.71
613,2012-12-04,33.9
612,2012-12-03,34.62
611,2012-11-30,33.82
610,2012-11-29,33.69
609,2012-11-28,33.23
608,2012-11-27,32.15
607,2012-11-26,32.27
606,2012-11-23,32.13
605,2012-11-21,32.47
604,2012-11-20,33.0
603,2012-11-19,32.92
602,2012-11-16,31.8399
601,2012-11-15,30.82
600,2012-11-14,31.38
599,2012-11-13,31.6143
598,2012-11-12,31.07
597,2012-11-09,30.32
596,2012-11-08,31.31
595,2012-11-07,31.54
594,2012-11-06,31.15
593,2012-11-05,31.5
592,2012-11-02,28.9182
591,2012-11-01,29.2454
590,2012-10-31,28.1314
589,2012-10-26,27.38
588,2012-10-25,27.52
587,2012-10-24,27.42
586,2012-10-23,28.39
585,2012-10-22,27.85
584,2012-10-19,27.74
583,2012-10-18,28.04
582,2012-10-17,28.8191
581,2012-10-16,28.06
580,2012-10-15,27.33
579,2012-10-12,27.64
578,2012-10-11,28.32
577,2012-10-10,28.4
576,2012-10-09,28.37
575,2012-10-08,29.25
574,2012-10-05,28.89
573,2012-10-04,29.4
572,2012-10-03,29.3
571,2012-10-02,29.8
570,2012-10-01,29.16
569,2012-09-28,29.28
568,2012-09-27,28.49
567,2012-09-26,27.54
566,2012-09-25,27.66
565,2012-09-24,30.66
564,2012-09-21,30.02
563,2012-09-20,30.9
562,2012-09-19,31.05
561,2012-09-18,31.34
560,2012-09-17,32.54
559,2012-09-14,30.39
558,2012-09-13,29.48
557,2012-09-12,28.28
556,2012-09-11,27.8
555,2012-09-10,27.37
554,2012-09-07,29.35
553,2012-09-06,28.55
552,2012-09-05,27.94
551,2012-09-04,28.14
550,2012-08-31,28.52
549,2012-08-30,28.41
548,2012-08-29,28.41
547,2012-08-28,28.69
546,2012-08-27,28.32
545,2012-08-24,29.5
544,2012-08-23,30.73
543,2012-08-22,29.95
542,2012-08-21,29.11
541,2012-08-20,29.51
540,2012-08-17,30.01
539,2012-08-16,30.3
538,2012-08-15,29.4
537,2012-08-14,29.42
536,2012-08-13,31.17
535,2012-08-10,29.94
534,2012-08-09,29.41
533,2012-08-08,29.09
532,2012-08-07,30.25
531,2012-08-06,28.27
530,2012-08-03,27.27
529,2012-08-02,26.1
528,2012-08-01,26.25
527,2012-07-31,27.42
526,2012-07-30,27.35
525,2012-07-27,29.51
524,2012-07-26,28.13
523,2012-07-25,28.95
522,2012-07-24,29.84
521,2012-07-23,30.66
520,2012-07-20,31.79
519,2012-07-19,32.27
518,2012-07-18,32.15
517,2012-07-17,33.35
516,2012-07-16,35.96
515,2012-07-13,34.25
514,2012-07-12,32.7
513,2012-07-11,31.51
512,2012-07-10,31.27
511,2012-07-09,31.49
510,2012-07-06,30.99
509,2012-07-05,31.23
508,2012-07-03,30.66
507,2012-07-02,30.4
506,2012-06-29,31.29
505,2012-06-28,31.41
504,2012-06-27,31.96
503,2012-06-26,31.61
502,2012-06-25,33.11
501,2012-06-22,33.785
500,2012-06-21,32.19
499,2012-06-20,33.78
498,2012-06-19,32.09
497,2012-06-18,31.84
496,2012-06-15,29.91
495,2012-06-14,29.39
494,2012-06-13,29.77
493,2012-06-12,29.66
492,2012-06-11,29.12
491,2012-06-08,30.08
490,2012-06-07,28.93
489,2012-06-06,29.22
488,2012-06-05,27.91
487,2012-06-04,27.88
486,2012-06-01,28.15
485,2012-05-31,29.5
484,2012-05-30,30.41
483,2012-05-29,31.69
482,2012-05-25,29.81
481,2012-05-24,30.32
480,2012-05-23,31.02
479,2012-05-22,30.79
478,2012-05-21,28.77
477,2012-05-18,27.56
476,2012-05-17,28.57
475,2012-05-16,29.18
474,2012-05-15,29.43
473,2012-05-14,30.06
472,2012-05-11,32.25
471,2012-05-10,32.96
470,2012-05-09,30.06
469,2012-05-08,30.19
468,2012-05-07,32.47
467,2012-05-04,31.83
466,2012-05-03,32.46
465,2012-05-02,33.94
464,2012-05-01,33.78
463,2012-04-30,33.13
462,2012-04-27,33.34
461,2012-04-26,33.49
460,2012-04-25,32.91
459,2012-04-24,31.82
458,2012-04-23,31.94
457,2012-04-20,33.16
456,2012-04-19,33.16
455,2012-04-18,32.66
454,2012-04-17,32.24
453,2012-04-16,32.25
452,2012-04-13,33.59
451,2012-04-12,33.44
450,2012-04-11,33.09
449,2012-04-10,32.46
448,2012-04-09,33.15
447,2012-04-05,34.48
446,2012-04-04,35.0
445,2012-04-03,38.01
444,2012-04-02,36.58
443,2012-03-30,37.24
442,2012-03-29,37.33
441,2012-03-28,37.85
440,2012-03-27,37.94
439,2012-03-26,37.4
438,2012-03-23,34.08
437,2012-03-22,34.4
436,2012-03-21,35.15
435,2012-03-20,34.96
434,2012-03-19,34.98
433,2012-03-16,35.32
432,2012-03-15,35.0
431,2012-03-14,35.29
430,2012-03-13,36.09
429,2012-03-12,36.01
428,2012-03-09,34.74
427,2012-03-08,33.07
426,2012-03-07,33.12
425,2012-03-06,33.11
424,2012-03-05,33.77
423,2012-03-02,34.04
422,2012-03-01,34.41
421,2012-02-29,33.41
420,2012-02-28,33.81
419,2012-02-27,33.62
418,2012-02-24,33.75
417,2012-02-23,34.53
416,2012-02-22,34.22
415,2012-02-21,34.5
414,2012-02-17,34.97
413,2012-02-16,34.18
412,2012-02-15,33.6
411,2012-02-14,33.17
410,2012-02-13,31.49
409,2012-02-10,31.1
408,2012-02-09,32.58
407,2012-02-08,31.93
406,2012-02-07,31.6
405,2012-02-06,31.8
404,2012-02-03,31.15
403,2012-02-02,30.25
402,2012-02-01,29.58
401,2012-01-31,29.07
400,2012-01-30,29.57
399,2012-01-27,29.33
398,2012-01-26,28.94
397,2012-01-25,27.97
396,2012-01-24,27.42
395,2012-01-23,26.77
394,2012-01-20,26.6
393,2012-01-19,26.76
392,2012-01-18,26.81
391,2012-01-17,26.6
390,2012-01-13,22.79
389,2012-01-12,28.25
388,2012-01-11,28.23
387,2012-01-10,27.62
386,2012-01-09,27.25
385,2012-01-06,26.91
384,2012-01-05,27.12
383,2012-01-04,27.71
382,2012-01-03,28.08
381,2011-12-30,28.56
380,2011-12-29,28.73
379,2011-12-28,28.51
378,2011-12-27,28.57
377,2011-12-23,27.9
376,2011-12-22,27.77
375,2011-12-21,27.57
374,2011-12-20,27.9
373,2011-12-19,27.75
372,2011-12-16,28.0
371,2011-12-15,28.62
370,2011-12-14,28.53
369,2011-12-13,29.45
368,2011-12-12,30.41
367,2011-12-09,31.04
366,2011-12-08,30.89
365,2011-12-07,34.19
364,2011-12-06,34.87
363,2011-12-05,34.42
362,2011-12-02,33.3
361,2011-12-01,32.6
360,2011-11-30,32.74
359,2011-11-29,31.75
358,2011-11-28,32.56
357,2011-11-25,31.66
356,2011-11-23,31.45
355,2011-11-22,32.07
354,2011-11-21,31.76
353,2011-11-18,32.6
352,2011-11-17,33.68
351,2011-11-16,34.94
350,2011-11-15,33.93
349,2011-11-14,33.22
348,2011-11-11,33.64
347,2011-11-10,31.33
346,2011-11-09,30.88
345,2011-11-08,31.84
344,2011-11-07,31.27
343,2011-11-04,32.31
342,2011-11-03,32.46
341,2011-11-02,28.71
340,2011-11-01,28.88
339,2011-10-31,29.37
338,2011-10-28,29.87
337,2011-10-27,28.76
336,2011-10-26,27.98
335,2011-10-25,28.25
334,2011-10-24,28.55
333,2011-10-21,28.03
332,2011-10-20,27.34
331,2011-10-19,27.57
330,2011-10-18,28.34
329,2011-10-17,27.42
328,2011-10-14,28.05
327,2011-10-13,27.94
326,2011-10-12,27.8
325,2011-10-11,27.61
324,2011-10-10,27.88
323,2011-10-07,26.99
322,2011-10-06,26.96
321,2011-10-05,25.37
320,2011-10-04,23.66
319,2011-10-03,23.73
318,2011-09-30,24.39
317,2011-09-29,24.12
316,2011-09-28,24.59
315,2011-09-27,26.19
314,2011-09-26,25.52
313,2011-09-23,26.38
312,2011-09-22,25.63
311,2011-09-21,25.85
310,2011-09-20,26.01
309,2011-09-19,25.77
308,2011-09-16,25.8
307,2011-09-15,24.82
306,2011-09-14,24.34
305,2011-09-13,24.08
304,2011-09-12,22.88
303,2011-09-09,22.97
302,2011-09-08,23.61
301,2011-09-07,23.84
300,2011-09-06,22.94
299,2011-09-02,23.07
298,2011-09-01,24.0
297,2011-08-31,24.74
296,2011-08-30,24.63
295,2011-08-29,24.71
294,2011-08-26,23.73
293,2011-08-25,23.11
292,2011-08-24,23.87
291,2011-08-23,22.96
290,2011-08-22,21.95
289,2011-08-19,22.3
288,2011-08-18,24.26
287,2011-08-17,25.83
286,2011-08-16,26.1
285,2011-08-15,26.23
284,2011-08-12,26.31
283,2011-08-11,25.3
282,2011-08-10,23.82
281,2011-08-09,25.06
280,2011-08-08,23.64
279,2011-08-05,24.24
278,2011-08-04,24.75
277,2011-08-03,27.2
276,2011-08-02,27.34
275,2011-08-01,28.77
274,2011-07-29,28.17
273,2011-07-28,28.17
272,2011-07-27,27.64
271,2011-07-26,28.0
270,2011-07-25,28.49
269,2011-07-22,29.29
268,2011-07-21,28.7
267,2011-07-20,28.69
266,2011-07-19,27.89
265,2011-07-18,27.23
264,2011-07-15,27.58
263,2011-07-14,27.61
262,2011-07-13,28.64
261,2011-07-12,28.17
260,2011-07-11,28.35
259,2011-07-08,28.81
258,2011-07-07,29.73
257,2011-07-06,28.96
256,2011-07-05,29.14
255,2011-07-01,29.02
254,2011-06-30,29.13
253,2011-06-29,28.29
252,2011-06-28,28.11
251,2011-06-27,27.46
250,2011-06-24,27.565
249,2011-06-23,27.71
248,2011-06-22,27.21
247,2011-06-21,27.53
246,2011-06-20,26.01
245,2011-06-17,26.5
244,2011-06-16,26.5
243,2011-06-15,27.32
242,2011-06-14,28.6
241,2011-06-13,28.43
240,2011-06-10,27.86
239,2011-06-09,27.62
238,2011-06-08,27.12
237,2011-06-07,28.37
236,2011-06-06,28.7
235,2011-06-03,30.13
234,2011-06-02,28.76
233,2011-06-01,28.517
232,2011-05-31,30.14
231,2011-05-27,29.55
230,2011-05-26,29.48
229,2011-05-25,28.98
228,2011-05-24,26.72
227,2011-05-23,26.82
226,2011-05-20,27.97
225,2011-05-19,28.2
224,2011-05-18,26.35
223,2011-05-17,25.96
222,2011-05-16,26.6
221,2011-05-13,27.55
220,2011-05-12,27.67
219,2011-05-11,27.07
218,2011-05-10,28.33
217,2011-05-09,27.91
216,2011-05-06,27.12
215,2011-05-05,26.44
214,2011-05-04,26.69
213,2011-05-03,26.87
212,2011-05-02,27.45
211,2011-04-29,27.6
210,2011-04-28,27.66
209,2011-04-27,27.08
208,2011-04-26,26.93
207,2011-04-25,26.39
206,2011-04-21,26.74
205,2011-04-20,25.75
204,2011-04-19,25.16
203,2011-04-18,25.03
202,2011-04-15,25.58
201,2011-04-14,25.14
200,2011-04-13,24.93
199,2011-04-12,24.65
198,2011-04-11,25.27
197,2011-04-08,26.49
196,2011-04-07,27.24
195,2011-04-06,26.49
194,2011-04-05,26.7
193,2011-04-04,25.83
192,2011-04-01,26.66
191,2011-03-31,27.75
190,2011-03-30,23.71
189,2011-03-29,23.92
188,2011-03-28,23.25
187,2011-03-25,22.75
186,2011-03-24,22.33
185,2011-03-23,22.21
184,2011-03-22,22.19
183,2011-03-21,22.73
182,2011-03-18,22.96
181,2011-03-17,22.81
180,2011-03-16,22.82
179,2011-03-15,22.95
178,2011-03-14,23.25
177,2011-03-11,24.07
176,2011-03-10,24.01
175,2011-03-09,24.72
174,2011-03-08,24.66
173,2011-03-07,24.94
172,2011-03-04,24.95
171,2011-03-03,24.36
170,2011-03-02,24.02
169,2011-03-01,23.94
168,2011-02-28,23.89
167,2011-02-25,23.61
166,2011-02-24,22.53
165,2011-02-23,21.83
164,2011-02-22,21.87
163,2011-02-18,23.18
162,2011-02-17,23.6
161,2011-02-16,24.73
160,2011-02-15,22.84
159,2011-02-14,23.08
158,2011-02-11,23.25
157,2011-02-10,23.215
156,2011-02-09,23.21
155,2011-02-08,24.49
154,2011-02-07,23.07
153,2011-02-04,23.46
152,2011-02-03,23.63
151,2011-02-02,23.94
150,2011-02-01,23.91
149,2011-01-31,24.1
148,2011-01-28,24.01
147,2011-01-27,24.92
146,2011-01-26,24.75
145,2011-01-25,24.68
144,2011-01-24,24.49
143,2011-01-21,23.04
142,2011-01-20,22.62
141,2011-01-19,24.03
140,2011-01-18,25.64
139,2011-01-14,25.75
138,2011-01-13,26.22
137,2011-01-12,26.96
136,2011-01-11,26.96
135,2011-01-10,28.45
134,2011-01-07,28.24
133,2011-01-06,27.88
132,2011-01-05,26.83
131,2011-01-04,26.67
130,2011-01-03,26.62
129,2010-12-31,26.63
128,2010-12-30,26.5
127,2010-12-29,27.73
126,2010-12-28,26.41
125,2010-12-27,25.549
124,2010-12-23,30.09
123,2010-12-22,32.63
122,2010-12-21,32.26
121,2010-12-20,31.7
120,2010-12-17,31.36
119,2010-12-16,30.81
118,2010-12-15,29.6
117,2010-12-14,28.53
116,2010-12-13,30.55
115,2010-12-10,31.52
114,2010-12-09,32.05
113,2010-12-08,32.37
112,2010-12-07,31.56
111,2010-12-06,30.31
110,2010-12-03,31.49
109,2010-12-02,32.35
108,2010-12-01,34.35
107,2010-11-30,35.33
106,2010-11-29,34.33
105,2010-11-26,35.32
104,2010-11-24,35.47
103,2010-11-23,34.57
102,2010-11-22,33.4
101,2010-11-19,30.99
100,2010-11-18,29.89
99,2010-11-17,29.49
98,2010-11-16,29.67
97,2010-11-15,30.8
96,2010-11-12,29.84
95,2010-11-11,28.035
94,2010-11-10,29.36
93,2010-11-09,24.63
92,2010-11-08,24.98
91,2010-11-05,24.44
90,2010-11-04,24.9
89,2010-11-03,21.77
88,2010-11-02,21.25
87,2010-11-01,21.41
86,2010-10-29,21.84
85,2010-10-28,21.19
84,2010-10-27,21.0
83,2010-10-26,21.36
82,2010-10-25,20.85
81,2010-10-22,20.72
80,2010-10-21,20.75
79,2010-10-20,20.65
78,2010-10-19,20.05
77,2010-10-18,20.23
76,2010-10-15,20.54
75,2010-10-14,20.75
74,2010-10-13,20.54
73,2010-10-12,20.24
72,2010-10-11,20.24
71,2010-10-08,20.43
70,2010-10-07,20.43
69,2010-10-06,20.46
68,2010-10-05,21.12
67,2010-10-04,20.99
66,2010-10-01,20.6
65,2010-09-30,20.405
64,2010-09-29,21.98
63,2010-09-28,21.4
62,2010-09-27,20.53
61,2010-09-24,20.1
60,2010-09-23,19.56
59,2010-09-22,19.87
58,2010-09-21,20.77
57,2010-09-20,21.055
56,2010-09-17,20.23
55,2010-09-16,20.94
54,2010-09-15,21.98
53,2010-09-14,21.12
52,2010-09-13,20.72
51,2010-09-10,20.17
50,2010-09-09,20.71
49,2010-09-08,20.9
48,2010-09-07,20.54
47,2010-09-03,21.05
46,2010-09-02,21.06
45,2010-09-01,20.45
44,2010-08-31,19.48
43,2010-08-30,19.87
42,2010-08-27,19.7
41,2010-08-26,19.75
40,2010-08-25,19.9
39,2010-08-24,19.2
38,2010-08-23,20.13
37,2010-08-20,19.1
36,2010-08-19,18.79
35,2010-08-18,18.77
34,2010-08-17,19.15
33,2010-08-16,18.78
32,2010-08-13,18.32
31,2010-08-12,17.6
30,2010-08-11,17.9
29,2010-08-10,19.03
28,2010-08-09,19.6
27,2010-08-06,19.59
26,2010-08-05,20.45
25,2010-08-04,21.26
24,2010-08-03,21.95
23,2010-08-02,20.92
22,2010-07-30,19.94
21,2010-07-29,20.35
20,2010-07-28,20.72
19,2010-07-27,20.55
18,2010-07-26,20.95
17,2010-07-23,21.29
16,2010-07-22,21.0
15,2010-07-21,20.22
14,2010-07-20,20.3
13,2010-07-19,21.91
12,2010-07-16,20.64
11,2010-07-15,19.89
10,2010-07-14,19.84
9,2010-07-13,18.14
8,2010-07-12,17.05
7,2010-07-09,17.4
6,2010-07-08,17.46
5,2010-07-07,15.8
4,2010-07-06,16.11
3,2010-07-02,19.2
2,2010-07-01,21.96
1,2010-06-30,23.83
0,2010-06-29,23.89
